timestamp,node_id,packet_id,packet_size_bytes,rssi_dbm,channel,sequence_id,payload_type
0.0,sensor_02,1,22,-65.0,37,1,synthetic_telemetry
0.002422,sensor_03,2,19,-46.9,37,1,synthetic_telemetry
0.004723,sensor_01,0,20,-69.3,37,1,synthetic_telemetry
0.241061,sensor_01,3,19,-56.6,37,2,synthetic_telemetry
0.258326,sensor_02,4,17,-47.5,37,2,synthetic_telemetry
0.260934,sensor_03,5,21,-56.0,37,2,synthetic_telemetry
0.493449,sensor_01,6,18,-64.8,37,3,synthetic_telemetry
0.495559,sensor_02,7,21,-68.0,37,3,synthetic_telemetry
0.496846,sensor_03,8,18,-73.7,37,3,synthetic_telemetry
0.738232,sensor_01,9,20,-60.8,37,4,synthetic_telemetry
0.747691,sensor_02,10,19,-63.7,37,4,synthetic_telemetry
0.751328,sensor_03,11,19,-70.2,37,4,synthetic_telemetry
1.001971,sensor_03,14,19,-51.9,37,5,synthetic_telemetry
1.002058,sensor_02,13,21,-71.7,37,5,synthetic_telemetry
1.008483,sensor_01,12,19,-59.9,37,5,synthetic_telemetry
1.240208,sensor_03,17,20,-67.2,37,6,synthetic_telemetry
1.25502,sensor_02,16,19,-67.1,37,6,synthetic_telemetry
1.258702,sensor_01,15,20,-57.9,37,6,synthetic_telemetry
1.490224,sensor_01,18,20,-57.0,37,7,synthetic_telemetry
1.508244,sensor_03,20,19,-62.2,37,7,synthetic_telemetry
1.512163,sensor_02,19,18,-74.5,37,7,synthetic_telemetry
1.741265,sensor_01,21,21,-46.8,37,8,synthetic_telemetry
1.744247,sensor_03,23,19,-64.3,37,8,synthetic_telemetry
1.748829,sensor_02,22,21,-70.9,37,8,synthetic_telemetry
1.994737,sensor_02,25,17,-53.0,37,9,synthetic_telemetry
2.001089,sensor_03,26,18,-61.5,37,9,synthetic_telemetry
2.006788,sensor_01,24,19,-64.6,37,9,synthetic_telemetry
2.241706,sensor_03,29,20,-58.6,37,10,synthetic_telemetry
2.245176,sensor_02,28,20,-46.9,37,10,synthetic_telemetry
2.253806,sensor_01,27,19,-53.9,37,10,synthetic_telemetry
2.49821,sensor_01,30,18,-65.3,37,11,synthetic_telemetry
2.499299,sensor_02,31,19,-48.3,37,11,synthetic_telemetry
2.503151,sensor_03,32,20,-64.4,37,11,synthetic_telemetry
2.744047,sensor_03,35,20,-63.0,37,12,synthetic_telemetry
2.745123,sensor_02,34,21,-69.2,37,12,synthetic_telemetry
2.760332,sensor_01,33,21,-49.5,37,12,synthetic_telemetry
2.996552,sensor_01,36,19,-64.4,37,13,synthetic_telemetry
3.000029,sensor_02,37,19,-58.1,37,13,synthetic_telemetry
3.011264,sensor_03,38,20,-54.9,37,13,synthetic_telemetry
3.245917,sensor_01,39,19,-50.9,37,14,synthetic_telemetry
3.251634,sensor_03,41,19,-47.9,37,14,synthetic_telemetry
3.256073,sensor_02,40,19,-72.1,37,14,synthetic_telemetry
3.489837,sensor_01,42,19,-71.2,37,15,synthetic_telemetry
3.494435,sensor_02,43,19,-73.9,37,15,synthetic_telemetry
3.508953,sensor_03,44,20,-73.3,37,15,synthetic_telemetry
3.74071,sensor_03,47,20,-51.1,37,16,synthetic_telemetry
3.742155,sensor_01,45,18,-53.7,37,16,synthetic_telemetry
3.750605,sensor_02,46,20,-63.3,37,16,synthetic_telemetry
3.996961,sensor_01,48,21,-60.9,37,17,synthetic_telemetry
4.006532,sensor_03,50,19,-58.4,37,17,synthetic_telemetry
4.012194,sensor_02,49,22,-55.8,37,17,synthetic_telemetry
4.240713,sensor_02,52,19,-58.1,37,18,synthetic_telemetry
4.245921,sensor_01,51,20,-55.7,37,18,synthetic_telemetry
4.261624,sensor_03,53,21,-65.6,37,18,synthetic_telemetry
4.500838,sensor_01,54,19,-46.5,37,19,synthetic_telemetry
4.503089,sensor_03,56,19,-73.4,37,19,synthetic_telemetry
4.504824,sensor_02,55,20,-54.9,37,19,synthetic_telemetry
4.738673,sensor_03,59,19,-45.6,37,20,synthetic_telemetry
4.740392,sensor_01,57,18,-64.2,37,20,synthetic_telemetry
4.754082,sensor_02,58,18,-67.0,37,20,synthetic_telemetry
4.99061,sensor_01,60,20,-68.4,37,21,synthetic_telemetry
5.008282,sensor_02,61,21,-50.1,37,21,synthetic_telemetry
5.010437,sensor_03,62,20,-55.1,37,21,synthetic_telemetry
5.238297,sensor_01,63,18,-58.9,37,22,synthetic_telemetry
5.24116,sensor_03,65,19,-46.2,37,22,synthetic_telemetry
5.253289,sensor_02,64,19,-59.4,37,22,synthetic_telemetry
5.488558,sensor_02,67,19,-56.4,37,23,synthetic_telemetry
5.497624,sensor_03,68,18,-61.6,37,23,synthetic_telemetry
5.506977,sensor_01,66,19,-51.6,37,23,synthetic_telemetry
5.744889,sensor_02,70,20,-60.0,37,24,synthetic_telemetry
5.751726,sensor_03,71,20,-57.8,37,24,synthetic_telemetry
5.762118,sensor_01,69,20,-61.5,37,24,synthetic_telemetry
5.990922,sensor_01,72,19,-54.6,37,25,synthetic_telemetry
5.992747,sensor_03,74,20,-56.5,37,25,synthetic_telemetry
6.003461,sensor_02,73,19,-47.5,37,25,synthetic_telemetry
6.254734,sensor_02,76,20,-64.2,37,26,synthetic_telemetry
6.255456,sensor_01,75,18,-73.0,37,26,synthetic_telemetry
6.257053,sensor_03,77,19,-52.5,37,26,synthetic_telemetry
6.499993,sensor_02,79,18,-48.7,37,27,synthetic_telemetry
6.504782,sensor_01,78,20,-53.1,37,27,synthetic_telemetry
6.506617,sensor_03,80,19,-49.1,37,27,synthetic_telemetry
6.747121,sensor_02,82,20,-71.7,37,28,synthetic_telemetry
6.749893,sensor_01,81,19,-61.0,37,28,synthetic_telemetry
6.757936,sensor_03,83,19,-59.5,37,28,synthetic_telemetry
6.989835,sensor_03,86,19,-48.2,37,29,synthetic_telemetry
6.99787,sensor_01,84,20,-56.7,37,29,synthetic_telemetry
7.008019,sensor_02,85,21,-68.8,37,29,synthetic_telemetry
7.238681,sensor_03,89,19,-50.2,37,30,synthetic_telemetry
7.248788,sensor_01,87,23,-65.6,37,30,synthetic_telemetry
7.254667,sensor_02,88,21,-69.3,37,30,synthetic_telemetry
7.499267,sensor_02,91,19,-50.0,37,31,synthetic_telemetry
7.500964,sensor_03,92,20,-54.5,37,31,synthetic_telemetry
7.509913,sensor_01,90,19,-47.7,37,31,synthetic_telemetry
7.752114,sensor_03,95,20,-69.9,37,32,synthetic_telemetry
7.752906,sensor_01,93,21,-70.8,37,32,synthetic_telemetry
7.76248,sensor_02,94,18,-72.6,37,32,synthetic_telemetry
7.994716,sensor_02,97,19,-59.6,37,33,synthetic_telemetry
7.998834,sensor_01,96,21,-49.4,37,33,synthetic_telemetry
8.006045,sensor_03,98,21,-49.8,37,33,synthetic_telemetry
8.242481,sensor_03,101,18,-49.8,37,34,synthetic_telemetry
8.254416,sensor_01,99,19,-46.0,37,34,synthetic_telemetry
8.26189,sensor_02,100,21,-74.0,37,34,synthetic_telemetry
8.48981,sensor_02,103,19,-48.6,37,35,synthetic_telemetry
8.493502,sensor_03,104,20,-64.6,37,35,synthetic_telemetry
8.50686,sensor_01,102,18,-54.8,37,35,synthetic_telemetry
8.746266,sensor_01,105,18,-54.3,37,36,synthetic_telemetry
8.751334,sensor_02,106,19,-57.8,37,36,synthetic_telemetry
8.761365,sensor_03,107,19,-51.0,37,36,synthetic_telemetry
8.993655,sensor_03,110,20,-45.4,37,37,synthetic_telemetry
8.99831,sensor_02,109,19,-52.4,37,37,synthetic_telemetry
9.009297,sensor_01,108,19,-53.5,37,37,synthetic_telemetry
9.241758,sensor_02,112,20,-53.6,37,38,synthetic_telemetry
9.250449,sensor_01,111,20,-63.4,37,38,synthetic_telemetry
9.250611,sensor_03,113,20,-74.0,37,38,synthetic_telemetry
9.494229,sensor_01,114,20,-62.3,37,39,synthetic_telemetry
9.504878,sensor_03,116,19,-52.1,37,39,synthetic_telemetry
9.511314,sensor_02,115,20,-68.0,37,39,synthetic_telemetry
9.738157,sensor_02,118,20,-60.1,37,40,synthetic_telemetry
9.751629,sensor_01,117,20,-72.2,37,40,synthetic_telemetry
9.758365,sensor_03,119,21,-61.6,37,40,synthetic_telemetry
9.991442,sensor_02,121,21,-75.0,37,41,synthetic_telemetry
9.99955,sensor_03,122,19,-72.4,37,41,synthetic_telemetry
10.004214,sensor_01,120,20,-59.6,37,41,synthetic_telemetry
10.250134,sensor_03,125,20,-50.2,37,42,synthetic_telemetry
10.25038,sensor_02,124,20,-72.1,37,42,synthetic_telemetry
10.261727,sensor_01,123,20,-60.4,37,42,synthetic_telemetry
10.490094,sensor_03,128,21,-63.3,37,43,synthetic_telemetry
10.506383,sensor_02,127,21,-68.8,37,43,synthetic_telemetry
10.510132,sensor_01,126,19,-66.8,37,43,synthetic_telemetry
10.748074,sensor_03,131,20,-49.5,37,44,synthetic_telemetry
10.750266,sensor_02,130,20,-53.0,37,44,synthetic_telemetry
10.758683,sensor_01,129,19,-45.8,37,44,synthetic_telemetry
11.004334,sensor_03,134,20,-70.7,37,45,synthetic_telemetry
11.006321,sensor_02,133,20,-71.8,37,45,synthetic_telemetry
11.009088,sensor_01,132,20,-55.4,37,45,synthetic_telemetry
11.240638,sensor_03,137,20,-47.2,37,46,synthetic_telemetry
11.245432,sensor_02,136,19,-70.3,37,46,synthetic_telemetry
11.255254,sensor_01,135,20,-45.9,37,46,synthetic_telemetry
11.503872,sensor_01,138,18,-45.0,37,47,synthetic_telemetry
11.505239,sensor_03,140,20,-50.4,37,47,synthetic_telemetry
11.505771,sensor_02,139,19,-59.6,37,47,synthetic_telemetry
11.737798,sensor_01,141,18,-72.1,37,48,synthetic_telemetry
11.742929,sensor_03,143,21,-52.2,37,48,synthetic_telemetry
11.759026,sensor_02,142,19,-64.3,37,48,synthetic_telemetry
11.991221,sensor_01,144,18,-49.5,37,49,synthetic_telemetry
12.006129,sensor_02,145,19,-45.1,37,49,synthetic_telemetry
12.012027,sensor_03,146,19,-57.7,37,49,synthetic_telemetry
12.24642,sensor_01,147,19,-73.8,37,50,synthetic_telemetry
12.252155,sensor_02,148,20,-49.9,37,50,synthetic_telemetry
12.255435,sensor_03,149,19,-58.9,37,50,synthetic_telemetry
12.505339,sensor_02,151,18,-72.3,37,51,synthetic_telemetry
12.50702,sensor_03,152,19,-69.0,37,51,synthetic_telemetry
12.510858,sensor_01,150,20,-57.0,37,51,synthetic_telemetry
12.745461,sensor_02,154,19,-51.3,37,52,synthetic_telemetry
12.753182,sensor_03,155,19,-46.1,37,52,synthetic_telemetry
12.759177,sensor_01,153,19,-52.7,37,52,synthetic_telemetry
12.992097,sensor_02,157,20,-54.8,37,53,synthetic_telemetry
13.00338,sensor_01,156,21,-71.2,37,53,synthetic_telemetry
13.004191,sensor_03,158,20,-49.9,37,53,synthetic_telemetry
13.242344,sensor_02,160,19,-49.3,37,54,synthetic_telemetry
13.253161,sensor_03,161,18,-73.0,37,54,synthetic_telemetry
13.254548,sensor_01,159,20,-58.0,37,54,synthetic_telemetry
13.500593,sensor_03,164,21,-61.4,37,55,synthetic_telemetry
13.502478,sensor_02,163,20,-73.7,37,55,synthetic_telemetry
13.512333,sensor_01,162,20,-60.4,37,55,synthetic_telemetry
13.743603,sensor_01,165,18,-66.8,37,56,synthetic_telemetry
13.747795,sensor_02,166,20,-67.7,37,56,synthetic_telemetry
13.760971,sensor_03,167,19,-52.0,37,56,synthetic_telemetry
13.999891,sensor_01,168,20,-57.2,37,57,synthetic_telemetry
14.004302,sensor_03,170,19,-46.9,37,57,synthetic_telemetry
14.012457,sensor_02,169,19,-56.3,37,57,synthetic_telemetry
14.238043,sensor_03,173,17,-50.7,37,58,synthetic_telemetry
14.245411,sensor_01,171,19,-55.4,37,58,synthetic_telemetry
14.259454,sensor_02,172,20,-56.7,37,58,synthetic_telemetry
14.491899,sensor_02,175,20,-60.7,37,59,synthetic_telemetry
14.496164,sensor_01,174,19,-48.9,37,59,synthetic_telemetry
14.497037,sensor_03,176,21,-48.0,37,59,synthetic_telemetry
14.741037,sensor_02,178,22,-61.7,37,60,synthetic_telemetry
14.742551,sensor_03,179,19,-54.4,37,60,synthetic_telemetry
14.75572,sensor_01,177,18,-70.3,37,60,synthetic_telemetry
14.99063,sensor_02,181,19,-64.1,37,61,synthetic_telemetry
14.999202,sensor_01,180,21,-75.0,37,61,synthetic_telemetry
15.004214,sensor_03,182,20,-58.6,37,61,synthetic_telemetry
15.246973,sensor_03,185,20,-70.6,37,62,synthetic_telemetry
15.255859,sensor_01,183,21,-56.2,37,62,synthetic_telemetry
15.259494,sensor_02,184,21,-56.2,37,62,synthetic_telemetry
15.50146,sensor_02,187,20,-59.8,37,63,synthetic_telemetry
15.506153,sensor_01,186,19,-48.0,37,63,synthetic_telemetry
15.507591,sensor_03,188,20,-53.6,37,63,synthetic_telemetry
15.738296,sensor_03,191,20,-74.1,37,64,synthetic_telemetry
15.754203,sensor_01,189,19,-70.5,37,64,synthetic_telemetry
15.754462,sensor_02,190,19,-47.3,37,64,synthetic_telemetry
15.989774,sensor_01,192,20,-51.1,37,65,synthetic_telemetry
15.997324,sensor_02,193,19,-45.3,37,65,synthetic_telemetry
16.010119,sensor_03,194,20,-61.9,37,65,synthetic_telemetry
16.241296,sensor_03,197,22,-73.5,37,66,synthetic_telemetry
16.242261,sensor_02,196,21,-57.4,37,66,synthetic_telemetry
16.260259,sensor_01,195,20,-68.2,37,66,synthetic_telemetry
16.496905,sensor_01,198,20,-63.5,37,67,synthetic_telemetry
16.509132,sensor_02,199,18,-54.4,37,67,synthetic_telemetry
16.510613,sensor_03,200,19,-53.5,37,67,synthetic_telemetry
16.744919,sensor_03,203,19,-52.9,37,68,synthetic_telemetry
16.752686,sensor_02,202,22,-66.3,37,68,synthetic_telemetry
16.754842,sensor_01,201,18,-72.1,37,68,synthetic_telemetry
16.990395,sensor_02,205,19,-55.8,37,69,synthetic_telemetry
16.992277,sensor_03,206,20,-66.0,37,69,synthetic_telemetry
16.99404,sensor_01,204,21,-52.0,37,69,synthetic_telemetry
17.241585,sensor_01,207,19,-59.5,37,70,synthetic_telemetry
17.249428,sensor_03,209,20,-47.7,37,70,synthetic_telemetry
17.249447,sensor_02,208,18,-53.4,37,70,synthetic_telemetry
17.488981,sensor_01,210,19,-72.2,37,71,synthetic_telemetry
17.502881,sensor_03,212,20,-73.5,37,71,synthetic_telemetry
17.503496,sensor_02,211,19,-46.5,37,71,synthetic_telemetry
17.738376,sensor_02,214,18,-57.8,37,72,synthetic_telemetry
17.746347,sensor_03,215,21,-52.9,37,72,synthetic_telemetry
17.755727,sensor_01,213,21,-46.3,37,72,synthetic_telemetry
18.004059,sensor_01,216,20,-59.2,37,73,synthetic_telemetry
18.008362,sensor_03,218,18,-68.9,37,73,synthetic_telemetry
18.01165,sensor_02,217,19,-69.1,37,73,synthetic_telemetry
18.243206,sensor_03,221,21,-49.8,37,74,synthetic_telemetry
18.24493,sensor_01,219,19,-53.4,37,74,synthetic_telemetry
18.260495,sensor_02,220,20,-65.9,37,74,synthetic_telemetry
18.489903,sensor_01,222,20,-51.5,37,75,synthetic_telemetry
18.504307,sensor_03,224,19,-59.6,37,75,synthetic_telemetry
18.506307,sensor_02,223,20,-60.9,37,75,synthetic_telemetry
18.740613,sensor_03,227,19,-58.8,37,76,synthetic_telemetry
18.755275,sensor_02,226,18,-52.0,37,76,synthetic_telemetry
18.758806,sensor_01,225,21,-68.9,37,76,synthetic_telemetry
18.998447,sensor_01,228,19,-52.7,37,77,synthetic_telemetry
19.002278,sensor_03,230,20,-66.4,37,77,synthetic_telemetry
19.007023,sensor_02,229,19,-64.4,37,77,synthetic_telemetry
19.239945,sensor_03,233,18,-51.4,37,78,synthetic_telemetry
19.246273,sensor_01,231,20,-62.1,37,78,synthetic_telemetry
19.249588,sensor_02,232,20,-49.8,37,78,synthetic_telemetry
19.498361,sensor_02,235,20,-72.8,37,79,synthetic_telemetry
19.499986,sensor_01,234,19,-58.9,37,79,synthetic_telemetry
19.500969,sensor_03,236,20,-46.0,37,79,synthetic_telemetry
19.752349,sensor_01,237,20,-56.2,37,80,synthetic_telemetry
19.759443,sensor_02,238,18,-67.0,37,80,synthetic_telemetry
19.762399,sensor_03,239,20,-57.7,37,80,synthetic_telemetry
19.999002,sensor_02,241,19,-51.6,37,81,synthetic_telemetry
20.001839,sensor_01,240,19,-46.1,37,81,synthetic_telemetry
20.006459,sensor_03,242,18,-46.7,37,81,synthetic_telemetry
20.249637,sensor_01,243,18,-54.1,37,82,synthetic_telemetry
20.254668,sensor_02,244,18,-56.0,37,82,synthetic_telemetry
20.255531,sensor_03,245,21,-52.9,37,82,synthetic_telemetry
20.490484,sensor_02,247,20,-47.7,37,83,synthetic_telemetry
20.511634,sensor_03,248,21,-52.8,37,83,synthetic_telemetry
20.511839,sensor_01,246,20,-73.1,37,83,synthetic_telemetry
20.740775,sensor_03,251,18,-57.8,37,84,synthetic_telemetry
20.74797,sensor_02,250,19,-57.9,37,84,synthetic_telemetry
20.760976,sensor_01,249,19,-58.4,37,84,synthetic_telemetry
20.987867,sensor_01,252,20,-47.8,37,85,synthetic_telemetry
20.99556,sensor_02,253,18,-70.0,37,85,synthetic_telemetry
21.0044,sensor_03,254,20,-45.2,37,85,synthetic_telemetry
21.240063,sensor_02,256,19,-51.3,37,86,synthetic_telemetry
21.243252,sensor_01,255,21,-74.3,37,86,synthetic_telemetry
21.255698,sensor_03,257,19,-52.2,37,86,synthetic_telemetry
21.493341,sensor_03,260,19,-52.0,37,87,synthetic_telemetry
21.498206,sensor_02,259,21,-66.3,37,87,synthetic_telemetry
21.506784,sensor_01,258,19,-55.6,37,87,synthetic_telemetry
21.741993,sensor_03,263,20,-66.2,37,88,synthetic_telemetry
21.744441,sensor_01,261,18,-52.6,37,88,synthetic_telemetry
21.7447,sensor_02,262,19,-65.3,37,88,synthetic_telemetry
21.988091,sensor_03,266,19,-59.2,37,89,synthetic_telemetry
21.993773,sensor_01,264,20,-51.4,37,89,synthetic_telemetry
22.001192,sensor_02,265,20,-70.0,37,89,synthetic_telemetry
22.246026,sensor_03,269,17,-71.6,37,90,synthetic_telemetry
22.250343,sensor_02,268,20,-65.3,37,90,synthetic_telemetry
22.258425,sensor_01,267,19,-59.3,37,90,synthetic_telemetry
22.492076,sensor_03,272,20,-67.5,37,91,synthetic_telemetry
22.492538,sensor_01,270,18,-65.1,37,91,synthetic_telemetry
22.498864,sensor_02,271,18,-64.3,37,91,synthetic_telemetry
22.754591,sensor_01,273,21,-74.9,37,92,synthetic_telemetry
22.756257,sensor_02,274,20,-45.5,37,92,synthetic_telemetry
22.760289,sensor_03,275,19,-70.1,37,92,synthetic_telemetry
22.995675,sensor_01,276,22,-58.9,37,93,synthetic_telemetry
23.00366,sensor_02,277,20,-65.6,37,93,synthetic_telemetry
23.011606,sensor_03,278,20,-56.0,37,93,synthetic_telemetry
23.242777,sensor_03,281,17,-49.4,37,94,synthetic_telemetry
23.245414,sensor_01,279,21,-70.5,37,94,synthetic_telemetry
23.260158,sensor_02,280,18,-68.2,37,94,synthetic_telemetry
23.497721,sensor_02,283,18,-62.0,37,95,synthetic_telemetry
23.508338,sensor_03,284,22,-74.1,37,95,synthetic_telemetry
23.510256,sensor_01,282,19,-60.6,37,95,synthetic_telemetry
23.741219,sensor_02,286,19,-73.0,37,96,synthetic_telemetry
23.746362,sensor_03,287,19,-72.3,37,96,synthetic_telemetry
23.755881,sensor_01,285,21,-71.6,37,96,synthetic_telemetry
23.993279,sensor_03,290,19,-67.6,37,97,synthetic_telemetry
23.998842,sensor_02,289,21,-67.0,37,97,synthetic_telemetry
24.008998,sensor_01,288,19,-50.7,37,97,synthetic_telemetry
24.249389,sensor_02,292,18,-49.2,37,98,synthetic_telemetry
24.250947,sensor_03,293,20,-56.8,37,98,synthetic_telemetry
24.259531,sensor_01,291,19,-73.4,37,98,synthetic_telemetry
24.495617,sensor_02,295,19,-54.5,37,99,synthetic_telemetry
24.497046,sensor_03,296,19,-60.7,37,99,synthetic_telemetry
24.500411,sensor_01,294,19,-69.6,37,99,synthetic_telemetry
24.73851,sensor_01,297,20,-71.6,37,100,synthetic_telemetry
24.74246,sensor_03,299,20,-58.2,37,100,synthetic_telemetry
24.751206,sensor_02,298,19,-48.0,37,100,synthetic_telemetry
25.002548,sensor_02,301,17,-56.7,37,101,synthetic_telemetry
25.010816,sensor_03,302,20,-68.5,37,101,synthetic_telemetry
25.011543,sensor_01,300,20,-63.8,37,101,synthetic_telemetry
25.238072,sensor_03,305,19,-54.2,37,102,synthetic_telemetry
25.247868,sensor_01,303,18,-52.1,37,102,synthetic_telemetry
25.261951,sensor_02,304,19,-53.0,37,102,synthetic_telemetry
25.491715,sensor_03,308,19,-74.0,37,103,synthetic_telemetry
25.505283,sensor_02,307,19,-56.5,37,103,synthetic_telemetry
25.508837,sensor_01,306,20,-51.8,37,103,synthetic_telemetry
25.740992,sensor_02,310,18,-50.2,37,104,synthetic_telemetry
25.742014,sensor_03,311,19,-52.6,37,104,synthetic_telemetry
25.748967,sensor_01,309,19,-73.1,37,104,synthetic_telemetry
26.002466,sensor_01,312,19,-63.5,37,105,synthetic_telemetry
26.006374,sensor_03,314,20,-51.4,37,105,synthetic_telemetry
26.010417,sensor_02,313,20,-63.3,37,105,synthetic_telemetry
26.239823,sensor_02,316,19,-66.2,37,106,synthetic_telemetry
26.24549,sensor_03,317,21,-71.9,37,106,synthetic_telemetry
26.260284,sensor_01,315,19,-71.0,37,106,synthetic_telemetry
26.491643,sensor_01,318,21,-61.0,37,107,synthetic_telemetry
26.498408,sensor_02,319,20,-61.1,37,107,synthetic_telemetry
26.50747,sensor_03,320,21,-52.5,37,107,synthetic_telemetry
26.738275,sensor_03,323,21,-57.1,37,108,synthetic_telemetry
26.750338,sensor_01,321,19,-57.6,37,108,synthetic_telemetry
26.753988,sensor_02,322,20,-50.6,37,108,synthetic_telemetry
27.010434,sensor_01,324,19,-56.8,37,109,synthetic_telemetry
27.010541,sensor_02,325,19,-69.6,37,109,synthetic_telemetry
27.012028,sensor_03,326,20,-62.0,37,109,synthetic_telemetry
27.247033,sensor_01,327,18,-58.2,37,110,synthetic_telemetry
27.248232,sensor_03,329,21,-63.3,37,110,synthetic_telemetry
27.261717,sensor_02,328,19,-67.0,37,110,synthetic_telemetry
27.491707,sensor_03,332,20,-59.4,37,111,synthetic_telemetry
27.495703,sensor_01,330,20,-60.6,37,111,synthetic_telemetry
27.508083,sensor_02,331,20,-68.0,37,111,synthetic_telemetry
27.754023,sensor_03,335,19,-68.5,37,112,synthetic_telemetry
27.755054,sensor_01,333,19,-51.4,37,112,synthetic_telemetry
27.757965,sensor_02,334,20,-58.0,37,112,synthetic_telemetry
27.989555,sensor_02,337,19,-55.1,37,113,synthetic_telemetry
27.99484,sensor_01,336,20,-74.7,37,113,synthetic_telemetry
27.996353,sensor_03,338,20,-65.8,37,113,synthetic_telemetry
28.238688,sensor_02,340,20,-62.9,37,114,synthetic_telemetry
28.255107,sensor_03,341,20,-72.1,37,114,synthetic_telemetry
28.260363,sensor_01,339,19,-56.8,37,114,synthetic_telemetry
28.49016,sensor_01,342,18,-53.8,37,115,synthetic_telemetry
28.501168,sensor_02,343,20,-64.9,37,115,synthetic_telemetry
28.507337,sensor_03,344,21,-46.3,37,115,synthetic_telemetry
28.741002,sensor_03,347,19,-72.3,37,116,synthetic_telemetry
28.746849,sensor_02,346,20,-71.6,37,116,synthetic_telemetry
28.756266,sensor_01,345,20,-73.7,37,116,synthetic_telemetry
28.994741,sensor_02,349,19,-49.0,37,117,synthetic_telemetry
28.99847,sensor_01,348,21,-57.1,37,117,synthetic_telemetry
29.003698,sensor_03,350,19,-55.9,37,117,synthetic_telemetry
29.245874,sensor_02,352,21,-45.8,37,118,synthetic_telemetry
29.251772,sensor_01,351,18,-57.0,37,118,synthetic_telemetry
29.260987,sensor_03,353,19,-55.2,37,118,synthetic_telemetry
29.491112,sensor_03,356,18,-48.1,37,119,synthetic_telemetry
29.4976,sensor_01,354,20,-58.8,37,119,synthetic_telemetry
29.503668,sensor_02,355,19,-66.3,37,119,synthetic_telemetry
29.743833,sensor_01,357,18,-51.4,37,120,synthetic_telemetry
29.751964,sensor_02,358,19,-45.6,37,120,synthetic_telemetry
29.753553,sensor_03,359,20,-52.5,37,120,synthetic_telemetry
29.990227,sensor_02,361,20,-65.0,37,121,synthetic_telemetry
29.994627,sensor_01,360,22,-46.7,37,121,synthetic_telemetry
30.005886,sensor_03,362,22,-64.1,37,121,synthetic_telemetry
30.240483,sensor_01,363,19,-65.1,37,122,synthetic_telemetry
30.244615,sensor_03,365,20,-56.9,37,122,synthetic_telemetry
30.259941,sensor_02,364,19,-68.8,37,122,synthetic_telemetry
30.488411,sensor_01,366,19,-59.8,37,123,synthetic_telemetry
30.496995,sensor_03,368,21,-48.6,37,123,synthetic_telemetry
30.497097,sensor_02,367,19,-69.9,37,123,synthetic_telemetry
30.740016,sensor_02,370,22,-50.0,37,124,synthetic_telemetry
30.758026,sensor_03,371,20,-47.7,37,124,synthetic_telemetry
30.758681,sensor_01,369,19,-60.0,37,124,synthetic_telemetry
30.995871,sensor_02,373,19,-70.7,37,125,synthetic_telemetry
31.001951,sensor_03,374,21,-73.7,37,125,synthetic_telemetry
31.002346,sensor_01,372,21,-48.0,37,125,synthetic_telemetry
31.238868,sensor_03,377,19,-49.6,37,126,synthetic_telemetry
31.240489,sensor_01,375,21,-70.3,37,126,synthetic_telemetry
31.258066,sensor_02,376,18,-48.5,37,126,synthetic_telemetry
31.490292,sensor_01,378,21,-72.2,37,127,synthetic_telemetry
31.491508,sensor_02,379,19,-60.5,37,127,synthetic_telemetry
31.495136,sensor_03,380,20,-67.4,37,127,synthetic_telemetry
31.74085,sensor_02,382,19,-48.3,37,128,synthetic_telemetry
31.748732,sensor_01,381,20,-55.6,37,128,synthetic_telemetry
31.750629,sensor_03,383,20,-72.3,37,128,synthetic_telemetry
31.993312,sensor_01,384,19,-54.5,37,129,synthetic_telemetry
32.008707,sensor_02,385,20,-54.4,37,129,synthetic_telemetry
32.01119,sensor_03,386,20,-66.0,37,129,synthetic_telemetry
32.240776,sensor_03,389,21,-53.8,37,130,synthetic_telemetry
32.255126,sensor_01,387,17,-59.1,37,130,synthetic_telemetry
32.260239,sensor_02,388,19,-70.4,37,130,synthetic_telemetry
32.492189,sensor_01,390,19,-71.9,37,131,synthetic_telemetry
32.504331,sensor_02,391,19,-46.4,37,131,synthetic_telemetry
32.509649,sensor_03,392,21,-59.6,37,131,synthetic_telemetry
32.742108,sensor_01,393,20,-51.9,37,132,synthetic_telemetry
32.74219,sensor_03,395,19,-61.6,37,132,synthetic_telemetry
32.758116,sensor_02,394,19,-51.6,37,132,synthetic_telemetry
32.989816,sensor_02,397,19,-66.6,37,133,synthetic_telemetry
32.995329,sensor_03,398,20,-56.9,37,133,synthetic_telemetry
33.007931,sensor_01,396,21,-57.0,37,133,synthetic_telemetry
33.253496,sensor_02,400,20,-53.7,37,134,synthetic_telemetry
33.258469,sensor_01,399,22,-54.1,37,134,synthetic_telemetry
33.259962,sensor_03,401,19,-72.7,37,134,synthetic_telemetry
33.49279,sensor_01,402,19,-71.6,37,135,synthetic_telemetry
33.495163,sensor_03,404,17,-54.5,37,135,synthetic_telemetry
33.509485,sensor_02,403,19,-46.8,37,135,synthetic_telemetry
33.748705,sensor_03,407,19,-70.2,37,136,synthetic_telemetry
33.753866,sensor_01,405,18,-49.0,37,136,synthetic_telemetry
33.757272,sensor_02,406,20,-45.8,37,136,synthetic_telemetry
33.989215,sensor_01,408,19,-57.1,37,137,synthetic_telemetry
33.990928,sensor_02,409,19,-46.1,37,137,synthetic_telemetry
34.008054,sensor_03,410,20,-54.3,37,137,synthetic_telemetry
34.237687,sensor_02,412,20,-70.8,37,138,synthetic_telemetry
34.24127,sensor_01,411,18,-62.3,37,138,synthetic_telemetry
34.241812,sensor_03,413,18,-51.2,37,138,synthetic_telemetry
34.493519,sensor_01,414,21,-60.5,37,139,synthetic_telemetry
34.503956,sensor_02,415,19,-45.9,37,139,synthetic_telemetry
34.505127,sensor_03,416,18,-69.9,37,139,synthetic_telemetry
34.738142,sensor_01,417,20,-47.6,37,140,synthetic_telemetry
34.739452,sensor_03,419,20,-62.2,37,140,synthetic_telemetry
34.752488,sensor_02,418,19,-54.6,37,140,synthetic_telemetry
34.991005,sensor_01,420,20,-74.0,37,141,synthetic_telemetry
35.002985,sensor_03,422,22,-48.4,37,141,synthetic_telemetry
35.007523,sensor_02,421,17,-65.4,37,141,synthetic_telemetry
35.242775,sensor_03,425,18,-64.1,37,142,synthetic_telemetry
35.254597,sensor_02,424,18,-54.8,37,142,synthetic_telemetry
35.262004,sensor_01,423,20,-63.2,37,142,synthetic_telemetry
35.492513,sensor_02,427,19,-72.1,37,143,synthetic_telemetry
35.493289,sensor_01,426,20,-74.4,37,143,synthetic_telemetry
35.499243,sensor_03,428,21,-47.5,37,143,synthetic_telemetry
35.74119,sensor_02,430,19,-60.6,37,144,synthetic_telemetry
35.741332,sensor_03,431,20,-64.6,37,144,synthetic_telemetry
35.757495,sensor_01,429,20,-50.2,37,144,synthetic_telemetry
35.993342,sensor_01,432,18,-47.5,37,145,synthetic_telemetry
35.99381,sensor_02,433,20,-74.1,37,145,synthetic_telemetry
35.998819,sensor_03,434,19,-50.8,37,145,synthetic_telemetry
36.238182,sensor_03,437,18,-45.4,37,146,synthetic_telemetry
36.245323,sensor_01,435,20,-71.8,37,146,synthetic_telemetry
36.251861,sensor_02,436,21,-64.2,37,146,synthetic_telemetry
36.496502,sensor_02,439,18,-64.7,37,147,synthetic_telemetry
36.505329,sensor_03,440,21,-69.9,37,147,synthetic_telemetry
36.511627,sensor_01,438,20,-73.5,37,147,synthetic_telemetry
36.741502,sensor_02,442,19,-74.7,37,148,synthetic_telemetry
36.748388,sensor_03,443,18,-59.1,37,148,synthetic_telemetry
36.753937,sensor_01,441,18,-66.3,37,148,synthetic_telemetry
36.993756,sensor_02,445,21,-60.4,37,149,synthetic_telemetry
37.000536,sensor_01,444,20,-74.9,37,149,synthetic_telemetry
37.005795,sensor_03,446,20,-61.6,37,149,synthetic_telemetry
37.237604,sensor_02,448,20,-50.0,37,150,synthetic_telemetry
37.237606,sensor_03,449,17,-73.3,37,150,synthetic_telemetry
37.256018,sensor_01,447,19,-66.0,37,150,synthetic_telemetry
37.498768,sensor_01,450,19,-51.3,37,151,synthetic_telemetry
37.50505,sensor_02,451,18,-60.9,37,151,synthetic_telemetry
37.505284,sensor_03,452,20,-56.3,37,151,synthetic_telemetry
37.757584,sensor_03,455,20,-75.0,37,152,synthetic_telemetry
37.759431,sensor_01,453,20,-66.1,37,152,synthetic_telemetry
37.759569,sensor_02,454,22,-47.6,37,152,synthetic_telemetry
38.001894,sensor_03,458,20,-54.0,37,153,synthetic_telemetry
38.003946,sensor_01,456,19,-61.9,37,153,synthetic_telemetry
38.010157,sensor_02,457,19,-46.9,37,153,synthetic_telemetry
38.248802,sensor_01,459,20,-72.1,37,154,synthetic_telemetry
38.249774,sensor_02,460,19,-66.2,37,154,synthetic_telemetry
38.252261,sensor_03,461,20,-63.0,37,154,synthetic_telemetry
38.502514,sensor_02,463,19,-57.9,37,155,synthetic_telemetry
38.504239,sensor_03,464,19,-50.8,37,155,synthetic_telemetry
38.509337,sensor_01,462,22,-67.8,37,155,synthetic_telemetry
38.753947,sensor_01,465,18,-70.9,37,156,synthetic_telemetry
38.755368,sensor_02,466,19,-46.8,37,156,synthetic_telemetry
38.757623,sensor_03,467,20,-57.5,37,156,synthetic_telemetry
38.9894,sensor_01,468,20,-47.7,37,157,synthetic_telemetry
39.004911,sensor_03,470,20,-72.8,37,157,synthetic_telemetry
39.012405,sensor_02,469,18,-73.6,37,157,synthetic_telemetry
39.238112,sensor_03,473,20,-72.8,37,158,synthetic_telemetry
39.247495,sensor_02,472,18,-46.0,37,158,synthetic_telemetry
39.249058,sensor_01,471,20,-47.7,37,158,synthetic_telemetry
39.492157,sensor_03,476,19,-50.9,37,159,synthetic_telemetry
39.495533,sensor_02,475,20,-51.3,37,159,synthetic_telemetry
39.511385,sensor_01,474,19,-53.9,37,159,synthetic_telemetry
39.746711,sensor_03,479,21,-48.2,37,160,synthetic_telemetry
39.751548,sensor_02,478,19,-67.6,37,160,synthetic_telemetry
39.762083,sensor_01,477,19,-45.0,37,160,synthetic_telemetry
39.990085,sensor_02,481,19,-56.1,37,161,synthetic_telemetry
39.998072,sensor_01,480,21,-48.7,37,161,synthetic_telemetry
40.003679,sensor_03,482,18,-52.0,37,161,synthetic_telemetry
40.250946,sensor_03,485,19,-72.1,37,162,synthetic_telemetry
40.257325,sensor_01,483,19,-62.3,37,162,synthetic_telemetry
40.257472,sensor_02,484,20,-45.8,37,162,synthetic_telemetry
40.494934,sensor_02,487,19,-73.1,37,163,synthetic_telemetry
40.501763,sensor_01,486,20,-61.0,37,163,synthetic_telemetry
40.509322,sensor_03,488,19,-60.2,37,163,synthetic_telemetry
40.738478,sensor_02,490,19,-65.5,37,164,synthetic_telemetry
40.744933,sensor_03,491,19,-52.1,37,164,synthetic_telemetry
40.756184,sensor_01,489,20,-65.9,37,164,synthetic_telemetry
41.000188,sensor_02,493,19,-59.7,37,165,synthetic_telemetry
41.009742,sensor_01,492,20,-69.5,37,165,synthetic_telemetry
41.012002,sensor_03,494,19,-65.8,37,165,synthetic_telemetry
41.242115,sensor_03,497,19,-67.1,37,166,synthetic_telemetry
41.243654,sensor_02,496,17,-51.1,37,166,synthetic_telemetry
41.252309,sensor_01,495,19,-63.4,37,166,synthetic_telemetry
41.499483,sensor_03,500,21,-48.3,37,167,synthetic_telemetry
41.506098,sensor_02,499,20,-71.0,37,167,synthetic_telemetry
41.506379,sensor_01,498,19,-49.0,37,167,synthetic_telemetry
41.750615,sensor_02,502,20,-68.3,37,168,synthetic_telemetry
41.753196,sensor_03,503,20,-64.9,37,168,synthetic_telemetry
41.753472,sensor_01,501,21,-71.3,37,168,synthetic_telemetry
41.999692,sensor_01,504,18,-54.1,37,169,synthetic_telemetry
42.005104,sensor_03,506,20,-69.0,37,169,synthetic_telemetry
42.007426,sensor_02,505,21,-54.9,37,169,synthetic_telemetry
42.237567,sensor_01,507,19,-47.1,37,170,synthetic_telemetry
42.255564,sensor_03,509,19,-69.4,37,170,synthetic_telemetry
42.256126,sensor_02,508,20,-49.9,37,170,synthetic_telemetry
42.487784,sensor_03,512,19,-52.0,37,171,synthetic_telemetry
42.507033,sensor_02,511,19,-71.4,37,171,synthetic_telemetry
42.509378,sensor_01,510,19,-54.0,37,171,synthetic_telemetry
42.745017,sensor_01,513,19,-57.9,37,172,synthetic_telemetry
42.746507,sensor_03,515,20,-60.6,37,172,synthetic_telemetry
42.76099,sensor_02,514,20,-68.0,37,172,synthetic_telemetry
43.001912,sensor_03,518,22,-70.4,37,173,synthetic_telemetry
43.009306,sensor_01,516,19,-63.9,37,173,synthetic_telemetry
43.010674,sensor_02,517,19,-63.8,37,173,synthetic_telemetry
43.240008,sensor_01,519,19,-56.4,37,174,synthetic_telemetry
43.241781,sensor_02,520,21,-66.6,37,174,synthetic_telemetry
43.244102,sensor_03,521,19,-65.9,37,174,synthetic_telemetry
43.489485,sensor_01,522,19,-68.7,37,175,synthetic_telemetry
43.496407,sensor_03,524,20,-48.2,37,175,synthetic_telemetry
43.499724,sensor_02,523,20,-46.7,37,175,synthetic_telemetry
43.749001,sensor_01,525,19,-51.9,37,176,synthetic_telemetry
43.749008,sensor_02,526,20,-50.7,37,176,synthetic_telemetry
43.755778,sensor_03,527,21,-50.8,37,176,synthetic_telemetry
43.992036,sensor_03,530,21,-51.2,37,177,synthetic_telemetry
44.010499,sensor_02,529,21,-72.1,37,177,synthetic_telemetry
44.011959,sensor_01,528,20,-51.5,37,177,synthetic_telemetry
44.247801,sensor_02,532,18,-60.9,37,178,synthetic_telemetry
44.251907,sensor_01,531,20,-47.7,37,178,synthetic_telemetry
44.256496,sensor_03,533,20,-47.3,37,178,synthetic_telemetry
44.49587,sensor_01,534,19,-51.2,37,179,synthetic_telemetry
44.502143,sensor_02,535,22,-66.0,37,179,synthetic_telemetry
44.502966,sensor_03,536,21,-70.4,37,179,synthetic_telemetry
44.740566,sensor_01,537,20,-68.1,37,180,synthetic_telemetry
44.750556,sensor_03,539,18,-73.8,37,180,synthetic_telemetry
44.756811,sensor_02,538,20,-70.7,37,180,synthetic_telemetry
45.006572,sensor_01,540,21,-71.4,37,181,synthetic_telemetry
45.006773,sensor_03,542,20,-58.8,37,181,synthetic_telemetry
45.009816,sensor_02,541,18,-67.8,37,181,synthetic_telemetry
45.243158,sensor_02,544,17,-58.6,37,182,synthetic_telemetry
45.250848,sensor_03,545,19,-65.5,37,182,synthetic_telemetry
45.253637,sensor_01,543,17,-54.8,37,182,synthetic_telemetry
45.487524,sensor_02,547,22,-74.6,37,183,synthetic_telemetry
45.491297,sensor_03,548,21,-49.4,37,183,synthetic_telemetry
45.497991,sensor_01,546,20,-67.0,37,183,synthetic_telemetry
45.744957,sensor_02,550,19,-54.9,37,184,synthetic_telemetry
45.750203,sensor_01,549,18,-51.1,37,184,synthetic_telemetry
45.751139,sensor_03,551,20,-60.5,37,184,synthetic_telemetry
46.001779,sensor_01,552,21,-72.7,37,185,synthetic_telemetry
46.00646,sensor_03,554,19,-56.0,37,185,synthetic_telemetry
46.008633,sensor_02,553,20,-68.8,37,185,synthetic_telemetry
46.24004,sensor_03,557,20,-73.9,37,186,synthetic_telemetry
46.254579,sensor_01,555,21,-72.7,37,186,synthetic_telemetry
46.25658,sensor_02,556,20,-64.2,37,186,synthetic_telemetry
46.491146,sensor_03,560,20,-64.6,37,187,synthetic_telemetry
46.507492,sensor_02,559,18,-63.7,37,187,synthetic_telemetry
46.508533,sensor_01,558,18,-63.7,37,187,synthetic_telemetry
46.740237,sensor_01,561,20,-61.4,37,188,synthetic_telemetry
46.740616,sensor_02,562,19,-48.7,37,188,synthetic_telemetry
46.749809,sensor_03,563,18,-45.8,37,188,synthetic_telemetry
46.99644,sensor_01,564,20,-61.9,37,189,synthetic_telemetry
46.997282,sensor_03,566,21,-58.6,37,189,synthetic_telemetry
47.006504,sensor_02,565,18,-56.5,37,189,synthetic_telemetry
47.238544,sensor_03,569,20,-62.5,37,190,synthetic_telemetry
47.23908,sensor_01,567,19,-62.8,37,190,synthetic_telemetry
47.25013,sensor_02,568,20,-70.4,37,190,synthetic_telemetry
47.496096,sensor_02,571,20,-70.3,37,191,synthetic_telemetry
47.496747,sensor_03,572,19,-61.2,37,191,synthetic_telemetry
47.508372,sensor_01,570,18,-50.2,37,191,synthetic_telemetry
47.744891,sensor_02,574,20,-46.2,37,192,synthetic_telemetry
47.757971,sensor_03,575,21,-73.4,37,192,synthetic_telemetry
47.758166,sensor_01,573,18,-64.1,37,192,synthetic_telemetry
47.990906,sensor_02,577,20,-73.0,37,193,synthetic_telemetry
47.998013,sensor_01,576,20,-56.1,37,193,synthetic_telemetry
48.007953,sensor_03,578,19,-64.2,37,193,synthetic_telemetry
48.242193,sensor_03,581,18,-52.0,37,194,synthetic_telemetry
48.255266,sensor_02,580,22,-68.8,37,194,synthetic_telemetry
48.256981,sensor_01,579,20,-53.2,37,194,synthetic_telemetry
48.490616,sensor_03,584,20,-62.5,37,195,synthetic_telemetry
48.501486,sensor_01,582,20,-53.7,37,195,synthetic_telemetry
48.512283,sensor_02,583,19,-53.0,37,195,synthetic_telemetry
48.748673,sensor_02,586,20,-63.8,37,196,synthetic_telemetry
48.75177,sensor_03,587,18,-62.1,37,196,synthetic_telemetry
48.760941,sensor_01,585,19,-62.7,37,196,synthetic_telemetry
48.988695,sensor_03,590,20,-52.2,37,197,synthetic_telemetry
48.996966,sensor_02,589,20,-60.1,37,197,synthetic_telemetry
49.00045,sensor_01,588,19,-54.8,37,197,synthetic_telemetry
49.24303,sensor_01,591,19,-74.7,37,198,synthetic_telemetry
49.248113,sensor_03,593,21,-65.5,37,198,synthetic_telemetry
49.255343,sensor_02,592,19,-55.1,37,198,synthetic_telemetry
49.494715,sensor_01,594,21,-63.8,37,199,synthetic_telemetry
49.502018,sensor_02,595,19,-51.1,37,199,synthetic_telemetry
49.503965,sensor_03,596,19,-66.2,37,199,synthetic_telemetry
49.746091,sensor_02,598,20,-60.3,37,200,synthetic_telemetry
49.750633,sensor_01,597,19,-62.9,37,200,synthetic_telemetry
49.753718,sensor_03,599,20,-70.4,37,200,synthetic_telemetry
49.993676,sensor_03,602,20,-48.2,37,201,synthetic_telemetry
49.998349,sensor_01,600,19,-52.8,37,201,synthetic_telemetry
50.003627,sensor_02,601,22,-54.1,37,201,synthetic_telemetry
50.238505,sensor_02,604,19,-54.5,37,202,synthetic_telemetry
50.24968,sensor_01,603,19,-74.6,37,202,synthetic_telemetry
50.260254,sensor_03,605,20,-67.0,37,202,synthetic_telemetry
50.495602,sensor_03,608,21,-60.1,37,203,synthetic_telemetry
50.497264,sensor_02,607,18,-63.5,37,203,synthetic_telemetry
50.508146,sensor_01,606,21,-62.3,37,203,synthetic_telemetry
50.737626,sensor_01,609,21,-68.8,37,204,synthetic_telemetry
50.75459,sensor_02,610,20,-74.9,37,204,synthetic_telemetry
50.760077,sensor_03,611,19,-60.6,37,204,synthetic_telemetry
50.993965,sensor_03,614,19,-57.9,37,205,synthetic_telemetry
50.998965,sensor_02,613,19,-73.5,37,205,synthetic_telemetry
51.00213,sensor_01,612,18,-70.4,37,205,synthetic_telemetry
51.237555,sensor_01,615,20,-51.9,37,206,synthetic_telemetry
51.238692,sensor_03,617,20,-54.0,37,206,synthetic_telemetry
51.242406,sensor_02,616,17,-68.6,37,206,synthetic_telemetry
51.49275,sensor_01,618,19,-69.1,37,207,synthetic_telemetry
51.496395,sensor_03,620,18,-58.4,37,207,synthetic_telemetry
51.498492,sensor_02,619,19,-65.9,37,207,synthetic_telemetry
51.742379,sensor_03,623,19,-62.0,37,208,synthetic_telemetry
51.750155,sensor_01,621,17,-63.6,37,208,synthetic_telemetry
51.750606,sensor_02,622,19,-53.4,37,208,synthetic_telemetry
51.997163,sensor_02,625,19,-48.1,37,209,synthetic_telemetry
52.000575,sensor_03,626,19,-64.4,37,209,synthetic_telemetry
52.005103,sensor_01,624,18,-46.1,37,209,synthetic_telemetry
52.237796,sensor_03,629,20,-49.6,37,210,synthetic_telemetry
52.244255,sensor_02,628,19,-67.2,37,210,synthetic_telemetry
52.244626,sensor_01,627,21,-71.1,37,210,synthetic_telemetry
52.493116,sensor_01,630,18,-62.0,37,211,synthetic_telemetry
52.495258,sensor_03,632,20,-63.1,37,211,synthetic_telemetry
52.508193,sensor_02,631,21,-46.4,37,211,synthetic_telemetry
52.740614,sensor_01,633,21,-47.0,37,212,synthetic_telemetry
52.742812,sensor_02,634,20,-68.7,37,212,synthetic_telemetry
52.745281,sensor_03,635,21,-65.8,37,212,synthetic_telemetry
52.990809,sensor_03,638,20,-52.7,37,213,synthetic_telemetry
52.996872,sensor_02,637,19,-46.9,37,213,synthetic_telemetry
53.007494,sensor_01,636,21,-72.3,37,213,synthetic_telemetry
53.237537,sensor_03,641,20,-47.1,37,214,synthetic_telemetry
53.238046,sensor_01,639,19,-48.9,37,214,synthetic_telemetry
53.244097,sensor_02,640,19,-73.1,37,214,synthetic_telemetry
53.492759,sensor_03,644,20,-53.6,37,215,synthetic_telemetry
53.496631,sensor_01,642,19,-53.2,37,215,synthetic_telemetry
53.509238,sensor_02,643,20,-63.2,37,215,synthetic_telemetry
53.737525,sensor_01,645,18,-56.6,37,216,synthetic_telemetry
53.741453,sensor_02,646,19,-61.7,37,216,synthetic_telemetry
53.750681,sensor_03,647,19,-47.6,37,216,synthetic_telemetry
53.98787,sensor_01,648,19,-69.7,37,217,synthetic_telemetry
54.003026,sensor_03,650,21,-67.4,37,217,synthetic_telemetry
54.01126,sensor_02,649,18,-70.7,37,217,synthetic_telemetry
54.242401,sensor_03,653,19,-59.0,37,218,synthetic_telemetry
54.249341,sensor_01,651,20,-47.5,37,218,synthetic_telemetry
54.254959,sensor_02,652,20,-73.8,37,218,synthetic_telemetry
54.490691,sensor_03,656,19,-51.9,37,219,synthetic_telemetry
54.50137,sensor_02,655,19,-70.4,37,219,synthetic_telemetry
54.510949,sensor_01,654,19,-63.3,37,219,synthetic_telemetry
54.738786,sensor_03,659,20,-48.1,37,220,synthetic_telemetry
54.738823,sensor_02,658,17,-54.6,37,220,synthetic_telemetry
54.76168,sensor_01,657,21,-50.0,37,220,synthetic_telemetry
54.987919,sensor_02,661,20,-74.6,37,221,synthetic_telemetry
54.998518,sensor_01,660,19,-52.4,37,221,synthetic_telemetry
55.003962,sensor_03,662,17,-61.1,37,221,synthetic_telemetry
55.241904,sensor_01,663,19,-69.9,37,222,synthetic_telemetry
55.244749,sensor_03,665,20,-61.2,37,222,synthetic_telemetry
55.248653,sensor_02,664,21,-50.0,37,222,synthetic_telemetry
55.500319,sensor_03,668,21,-50.8,37,223,synthetic_telemetry
55.502761,sensor_01,666,20,-64.0,37,223,synthetic_telemetry
55.509845,sensor_02,667,20,-71.0,37,223,synthetic_telemetry
55.739344,sensor_03,671,21,-51.4,37,224,synthetic_telemetry
55.741803,sensor_01,669,19,-45.8,37,224,synthetic_telemetry
55.751902,sensor_02,670,18,-61.5,37,224,synthetic_telemetry
55.990426,sensor_01,672,20,-72.2,37,225,synthetic_telemetry
56.001409,sensor_03,674,19,-60.4,37,225,synthetic_telemetry
56.010238,sensor_02,673,19,-65.3,37,225,synthetic_telemetry
56.240357,sensor_02,676,19,-60.4,37,226,synthetic_telemetry
56.248154,sensor_01,675,20,-68.9,37,226,synthetic_telemetry
56.257844,sensor_03,677,21,-52.0,37,226,synthetic_telemetry
56.489534,sensor_03,680,20,-62.8,37,227,synthetic_telemetry
56.491494,sensor_02,679,20,-64.0,37,227,synthetic_telemetry
56.50055,sensor_01,678,20,-61.6,37,227,synthetic_telemetry
56.74208,sensor_01,681,20,-74.6,37,228,synthetic_telemetry
56.745008,sensor_03,683,19,-67.5,37,228,synthetic_telemetry
56.757453,sensor_02,682,20,-45.4,37,228,synthetic_telemetry
56.995889,sensor_02,685,19,-66.1,37,229,synthetic_telemetry
57.010949,sensor_01,684,19,-51.6,37,229,synthetic_telemetry
57.011826,sensor_03,686,19,-50.5,37,229,synthetic_telemetry
57.245385,sensor_03,689,19,-56.4,37,230,synthetic_telemetry
57.246465,sensor_02,688,22,-59.4,37,230,synthetic_telemetry
57.261617,sensor_01,687,20,-70.1,37,230,synthetic_telemetry
57.488477,sensor_03,692,20,-70.6,37,231,synthetic_telemetry
57.502142,sensor_02,691,20,-72.4,37,231,synthetic_telemetry
57.508817,sensor_01,690,20,-61.7,37,231,synthetic_telemetry
57.741229,sensor_03,695,21,-57.6,37,232,synthetic_telemetry
57.756145,sensor_01,693,19,-72.8,37,232,synthetic_telemetry
57.756232,sensor_02,694,20,-52.1,37,232,synthetic_telemetry
57.998347,sensor_03,698,19,-57.5,37,233,synthetic_telemetry
58.007539,sensor_02,697,19,-51.9,37,233,synthetic_telemetry
58.007845,sensor_01,696,19,-70.5,37,233,synthetic_telemetry
58.243556,sensor_01,699,20,-72.6,37,234,synthetic_telemetry
58.25554,sensor_02,700,20,-72.2,37,234,synthetic_telemetry
58.261123,sensor_03,701,20,-69.2,37,234,synthetic_telemetry
58.490889,sensor_01,702,20,-57.1,37,235,synthetic_telemetry
58.497316,sensor_03,704,20,-71.5,37,235,synthetic_telemetry
58.502351,sensor_02,703,19,-63.5,37,235,synthetic_telemetry
58.745301,sensor_01,705,20,-45.9,37,236,synthetic_telemetry
58.758453,sensor_02,706,20,-51.6,37,236,synthetic_telemetry
58.761606,sensor_03,707,19,-56.7,37,236,synthetic_telemetry
58.989536,sensor_01,708,17,-65.0,37,237,synthetic_telemetry
59.001759,sensor_02,709,17,-57.1,37,237,synthetic_telemetry
59.00402,sensor_03,710,18,-71.0,37,237,synthetic_telemetry
59.237991,sensor_02,712,19,-70.9,37,238,synthetic_telemetry
59.240751,sensor_01,711,20,-60.2,37,238,synthetic_telemetry
59.254953,sensor_03,713,21,-52.7,37,238,synthetic_telemetry
59.496156,sensor_03,716,19,-56.2,37,239,synthetic_telemetry
59.500376,sensor_02,715,18,-66.9,37,239,synthetic_telemetry
59.500397,sensor_01,714,21,-65.6,37,239,synthetic_telemetry
59.747823,sensor_03,719,19,-64.3,37,240,synthetic_telemetry
59.760749,sensor_01,717,20,-63.6,37,240,synthetic_telemetry
59.76077,sensor_02,718,20,-53.5,37,240,synthetic_telemetry
59.996466,sensor_02,721,18,-49.3,37,241,synthetic_telemetry
60.005913,sensor_03,722,19,-52.7,37,241,synthetic_telemetry
60.011343,sensor_01,720,20,-50.2,37,241,synthetic_telemetry
60.246382,sensor_01,723,18,-48.7,37,242,synthetic_telemetry
60.249832,sensor_03,725,18,-48.8,37,242,synthetic_telemetry
60.251584,sensor_02,724,19,-55.6,37,242,synthetic_telemetry
60.494792,sensor_01,726,19,-48.7,37,243,synthetic_telemetry
60.497877,sensor_02,727,20,-67.5,37,243,synthetic_telemetry
60.509197,sensor_03,728,18,-52.7,37,243,synthetic_telemetry
60.741619,sensor_03,731,21,-51.9,37,244,synthetic_telemetry
60.754116,sensor_02,730,20,-63.7,37,244,synthetic_telemetry
60.76015,sensor_01,729,22,-69.3,37,244,synthetic_telemetry
60.989041,sensor_03,734,20,-50.1,37,245,synthetic_telemetry
60.991686,sensor_01,732,19,-73.9,37,245,synthetic_telemetry
61.003131,sensor_02,733,18,-62.7,37,245,synthetic_telemetry
61.238064,sensor_01,735,21,-52.7,37,246,synthetic_telemetry
61.243001,sensor_02,736,21,-67.4,37,246,synthetic_telemetry
61.243124,sensor_03,737,20,-73.7,37,246,synthetic_telemetry
61.501863,sensor_01,738,19,-71.7,37,247,synthetic_telemetry
61.50538,sensor_02,739,20,-68.5,37,247,synthetic_telemetry
61.506345,sensor_03,740,20,-53.4,37,247,synthetic_telemetry
61.73967,sensor_03,743,19,-48.1,37,248,synthetic_telemetry
61.749669,sensor_01,741,20,-63.8,37,248,synthetic_telemetry
61.755265,sensor_02,742,21,-56.4,37,248,synthetic_telemetry
62.003574,sensor_02,745,20,-59.6,37,249,synthetic_telemetry
62.003666,sensor_03,746,19,-61.9,37,249,synthetic_telemetry
62.006614,sensor_01,744,19,-69.5,37,249,synthetic_telemetry
62.254392,sensor_01,747,21,-57.8,37,250,synthetic_telemetry
62.254504,sensor_03,749,20,-47.8,37,250,synthetic_telemetry
62.255277,sensor_02,748,21,-52.4,37,250,synthetic_telemetry
62.50167,sensor_02,751,20,-57.1,37,251,synthetic_telemetry
62.504023,sensor_01,750,21,-60.0,37,251,synthetic_telemetry
62.505325,sensor_03,752,19,-50.0,37,251,synthetic_telemetry
62.739836,sensor_02,754,20,-60.3,37,252,synthetic_telemetry
62.747712,sensor_01,753,19,-57.7,37,252,synthetic_telemetry
62.761976,sensor_03,755,19,-68.4,37,252,synthetic_telemetry
62.996265,sensor_03,758,19,-52.0,37,253,synthetic_telemetry
62.997509,sensor_01,756,18,-62.5,37,253,synthetic_telemetry
63.011188,sensor_02,757,18,-54.3,37,253,synthetic_telemetry
63.238438,sensor_03,761,20,-48.6,37,254,synthetic_telemetry
63.246151,sensor_01,759,19,-70.8,37,254,synthetic_telemetry
63.252503,sensor_02,760,19,-53.7,37,254,synthetic_telemetry
63.500044,sensor_03,764,19,-53.0,37,255,synthetic_telemetry
63.503983,sensor_01,762,20,-55.7,37,255,synthetic_telemetry
63.505353,sensor_02,763,19,-60.0,37,255,synthetic_telemetry
63.74105,sensor_01,765,20,-57.5,37,256,synthetic_telemetry
63.743312,sensor_03,767,21,-69.5,37,256,synthetic_telemetry
63.761627,sensor_02,766,20,-63.2,37,256,synthetic_telemetry
63.992959,sensor_03,770,20,-59.7,37,257,synthetic_telemetry
64.004799,sensor_01,768,20,-54.4,37,257,synthetic_telemetry
64.005282,sensor_02,769,17,-51.1,37,257,synthetic_telemetry
64.241816,sensor_01,771,19,-70.1,37,258,synthetic_telemetry
64.252213,sensor_03,773,19,-46.0,37,258,synthetic_telemetry
64.253333,sensor_02,772,18,-68.3,37,258,synthetic_telemetry
64.491876,sensor_03,776,19,-68.4,37,259,synthetic_telemetry
64.503879,sensor_02,775,21,-56.1,37,259,synthetic_telemetry
64.508688,sensor_01,774,18,-46.3,37,259,synthetic_telemetry
64.737744,sensor_03,779,18,-55.2,37,260,synthetic_telemetry
64.737776,sensor_02,778,19,-58.0,37,260,synthetic_telemetry
64.758322,sensor_01,777,20,-52.4,37,260,synthetic_telemetry
64.993553,sensor_01,780,20,-74.7,37,261,synthetic_telemetry
65.000083,sensor_03,782,19,-60.7,37,261,synthetic_telemetry
65.01249,sensor_02,781,19,-60.7,37,261,synthetic_telemetry
65.241191,sensor_01,783,19,-47.7,37,262,synthetic_telemetry
65.242434,sensor_03,785,19,-73.2,37,262,synthetic_telemetry
65.260223,sensor_02,784,19,-55.0,37,262,synthetic_telemetry
65.494844,sensor_03,788,20,-69.1,37,263,synthetic_telemetry
65.503298,sensor_02,787,19,-73.4,37,263,synthetic_telemetry
65.509042,sensor_01,786,20,-72.5,37,263,synthetic_telemetry
65.738289,sensor_01,789,19,-74.5,37,264,synthetic_telemetry
65.739664,sensor_02,790,18,-45.8,37,264,synthetic_telemetry
65.747073,sensor_03,791,19,-75.0,37,264,synthetic_telemetry
65.988908,sensor_03,794,20,-62.9,37,265,synthetic_telemetry
65.999623,sensor_02,793,20,-54.7,37,265,synthetic_telemetry
66.009398,sensor_01,792,20,-49.0,37,265,synthetic_telemetry
66.244358,sensor_03,797,19,-47.3,37,266,synthetic_telemetry
66.257332,sensor_02,796,21,-65.6,37,266,synthetic_telemetry
66.258622,sensor_01,795,18,-45.7,37,266,synthetic_telemetry
66.496889,sensor_01,798,21,-54.2,37,267,synthetic_telemetry
66.508149,sensor_02,799,18,-48.8,37,267,synthetic_telemetry
66.509406,sensor_03,800,19,-70.3,37,267,synthetic_telemetry
66.744054,sensor_03,803,19,-68.4,37,268,synthetic_telemetry
66.746926,sensor_02,802,20,-51.2,37,268,synthetic_telemetry
66.75515,sensor_01,801,19,-65.2,37,268,synthetic_telemetry
66.994742,sensor_02,805,19,-50.9,37,269,synthetic_telemetry
66.997768,sensor_01,804,19,-66.8,37,269,synthetic_telemetry
67.00341,sensor_03,806,18,-57.8,37,269,synthetic_telemetry
67.244948,sensor_02,808,21,-51.7,37,270,synthetic_telemetry
67.253038,sensor_01,807,18,-53.9,37,270,synthetic_telemetry
67.259231,sensor_03,809,17,-59.0,37,270,synthetic_telemetry
67.4903,sensor_01,810,20,-66.2,37,271,synthetic_telemetry
67.501052,sensor_03,812,20,-57.3,37,271,synthetic_telemetry
67.502195,sensor_02,811,20,-64.4,37,271,synthetic_telemetry
67.737654,sensor_03,815,19,-66.5,37,272,synthetic_telemetry
67.746071,sensor_02,814,19,-63.7,37,272,synthetic_telemetry
67.752678,sensor_01,813,19,-48.2,37,272,synthetic_telemetry
67.992852,sensor_03,818,19,-53.9,37,273,synthetic_telemetry
67.999655,sensor_02,817,21,-63.5,37,273,synthetic_telemetry
68.004097,sensor_01,816,18,-68.2,37,273,synthetic_telemetry
68.251523,sensor_03,821,21,-66.2,37,274,synthetic_telemetry
68.259564,sensor_01,819,18,-74.3,37,274,synthetic_telemetry
68.260253,sensor_02,820,20,-56.2,37,274,synthetic_telemetry
68.490744,sensor_01,822,20,-45.8,37,275,synthetic_telemetry
68.49126,sensor_03,824,18,-53.3,37,275,synthetic_telemetry
68.503174,sensor_02,823,19,-59.7,37,275,synthetic_telemetry
68.743624,sensor_03,827,21,-73.5,37,276,synthetic_telemetry
68.75103,sensor_01,825,18,-68.5,37,276,synthetic_telemetry
68.757989,sensor_02,826,19,-73.8,37,276,synthetic_telemetry
68.998375,sensor_03,830,20,-70.4,37,277,synthetic_telemetry
69.001174,sensor_02,829,20,-55.1,37,277,synthetic_telemetry
69.011661,sensor_01,828,20,-51.9,37,277,synthetic_telemetry
69.247622,sensor_01,831,20,-65.8,37,278,synthetic_telemetry
69.257448,sensor_02,832,19,-55.2,37,278,synthetic_telemetry
69.257529,sensor_03,833,19,-71.5,37,278,synthetic_telemetry
69.496015,sensor_01,834,20,-56.8,37,279,synthetic_telemetry
69.498318,sensor_02,835,21,-51.8,37,279,synthetic_telemetry
69.500526,sensor_03,836,20,-51.4,37,279,synthetic_telemetry
69.751173,sensor_01,837,20,-60.0,37,280,synthetic_telemetry
69.753515,sensor_02,838,19,-48.3,37,280,synthetic_telemetry
69.754418,sensor_03,839,21,-52.9,37,280,synthetic_telemetry
69.995577,sensor_02,841,17,-45.5,37,281,synthetic_telemetry
70.003392,sensor_03,842,20,-70.3,37,281,synthetic_telemetry
70.005052,sensor_01,840,21,-48.7,37,281,synthetic_telemetry
70.247322,sensor_02,844,16,-47.4,37,282,synthetic_telemetry
70.2496,sensor_01,843,20,-65.8,37,282,synthetic_telemetry
70.251261,sensor_03,845,20,-66.0,37,282,synthetic_telemetry
70.487568,sensor_02,847,22,-56.4,37,283,synthetic_telemetry
70.503759,sensor_01,846,21,-55.8,37,283,synthetic_telemetry
70.508476,sensor_03,848,18,-49.6,37,283,synthetic_telemetry
70.73959,sensor_02,850,18,-71.1,37,284,synthetic_telemetry
70.755705,sensor_01,849,20,-56.6,37,284,synthetic_telemetry
70.762201,sensor_03,851,20,-70.3,37,284,synthetic_telemetry
70.988426,sensor_01,852,20,-55.1,37,285,synthetic_telemetry
71.008039,sensor_02,853,19,-73.9,37,285,synthetic_telemetry
71.011181,sensor_03,854,19,-53.7,37,285,synthetic_telemetry
71.241815,sensor_01,855,18,-50.5,37,286,synthetic_telemetry
71.252029,sensor_03,857,18,-71.9,37,286,synthetic_telemetry
71.254828,sensor_02,856,21,-62.3,37,286,synthetic_telemetry
71.494931,sensor_02,859,20,-49.1,37,287,synthetic_telemetry
71.497045,sensor_01,858,19,-70.2,37,287,synthetic_telemetry
71.505366,sensor_03,860,17,-57.9,37,287,synthetic_telemetry
71.738073,sensor_03,863,20,-70.1,37,288,synthetic_telemetry
71.739822,sensor_01,861,19,-70.2,37,288,synthetic_telemetry
71.747491,sensor_02,862,19,-51.7,37,288,synthetic_telemetry
71.989848,sensor_02,865,19,-61.5,37,289,synthetic_telemetry
71.9991,sensor_01,864,19,-48.7,37,289,synthetic_telemetry
72.001967,sensor_03,866,20,-51.7,37,289,synthetic_telemetry
72.237574,sensor_01,867,20,-47.4,37,290,synthetic_telemetry
72.257777,sensor_02,868,21,-68.6,37,290,synthetic_telemetry
72.258255,sensor_03,869,19,-48.5,37,290,synthetic_telemetry
72.49023,sensor_03,872,19,-59.0,37,291,synthetic_telemetry
72.493397,sensor_02,871,20,-74.1,37,291,synthetic_telemetry
72.501625,sensor_01,870,18,-57.7,37,291,synthetic_telemetry
72.757174,sensor_03,875,18,-58.1,37,292,synthetic_telemetry
72.757467,sensor_01,873,19,-65.9,37,292,synthetic_telemetry
72.762364,sensor_02,874,21,-59.3,37,292,synthetic_telemetry
73.000217,sensor_02,877,21,-64.1,37,293,synthetic_telemetry
73.000431,sensor_01,876,21,-62.2,37,293,synthetic_telemetry
73.007534,sensor_03,878,21,-65.2,37,293,synthetic_telemetry
73.240065,sensor_03,881,19,-67.9,37,294,synthetic_telemetry
73.247004,sensor_01,879,17,-58.1,37,294,synthetic_telemetry
73.258296,sensor_02,880,18,-62.1,37,294,synthetic_telemetry
73.489808,sensor_03,884,20,-53.3,37,295,synthetic_telemetry
73.496503,sensor_01,882,19,-56.0,37,295,synthetic_telemetry
73.511585,sensor_02,883,21,-50.5,37,295,synthetic_telemetry
73.752102,sensor_02,886,20,-69.7,37,296,synthetic_telemetry
73.754532,sensor_01,885,19,-60.7,37,296,synthetic_telemetry
73.759171,sensor_03,887,19,-71.1,37,296,synthetic_telemetry
73.997281,sensor_02,889,21,-66.7,37,297,synthetic_telemetry
73.999479,sensor_03,890,20,-55.3,37,297,synthetic_telemetry
74.003118,sensor_01,888,21,-74.0,37,297,synthetic_telemetry
74.240779,sensor_03,893,22,-67.4,37,298,synthetic_telemetry
74.244706,sensor_02,892,19,-65.6,37,298,synthetic_telemetry
74.250787,sensor_01,891,20,-67.6,37,298,synthetic_telemetry
74.494744,sensor_03,896,19,-49.6,37,299,synthetic_telemetry
74.502347,sensor_02,895,19,-61.4,37,299,synthetic_telemetry
74.508022,sensor_01,894,20,-46.3,37,299,synthetic_telemetry
74.744153,sensor_02,898,17,-46.4,37,300,synthetic_telemetry
74.747618,sensor_01,897,18,-70.4,37,300,synthetic_telemetry
74.761006,sensor_03,899,19,-49.8,37,300,synthetic_telemetry
74.98801,sensor_02,901,19,-50.5,37,301,synthetic_telemetry
74.988359,sensor_01,900,19,-67.3,37,301,synthetic_telemetry
75.001926,sensor_03,902,18,-67.2,37,301,synthetic_telemetry
75.253537,sensor_02,904,19,-63.0,37,302,synthetic_telemetry
75.254954,sensor_01,903,21,-66.5,37,302,synthetic_telemetry
75.256856,sensor_03,905,20,-48.4,37,302,synthetic_telemetry
75.501653,sensor_03,908,19,-55.1,37,303,synthetic_telemetry
75.501803,sensor_01,906,19,-60.9,37,303,synthetic_telemetry
75.503355,sensor_02,907,20,-74.7,37,303,synthetic_telemetry
75.738923,sensor_02,910,20,-65.8,37,304,synthetic_telemetry
75.748028,sensor_03,911,20,-67.2,37,304,synthetic_telemetry
75.752406,sensor_01,909,19,-51.4,37,304,synthetic_telemetry
75.999078,sensor_03,914,20,-68.2,37,305,synthetic_telemetry
76.001385,sensor_01,912,20,-47.7,37,305,synthetic_telemetry
76.003992,sensor_02,913,20,-48.0,37,305,synthetic_telemetry
76.240124,sensor_02,916,20,-57.9,37,306,synthetic_telemetry
76.244206,sensor_03,917,18,-51.0,37,306,synthetic_telemetry
76.260752,sensor_01,915,20,-58.1,37,306,synthetic_telemetry
76.493316,sensor_03,920,22,-51.8,37,307,synthetic_telemetry
76.495478,sensor_02,919,18,-60.6,37,307,synthetic_telemetry
76.511208,sensor_01,918,20,-59.5,37,307,synthetic_telemetry
76.747584,sensor_02,922,20,-47.4,37,308,synthetic_telemetry
76.750521,sensor_01,921,20,-54.8,37,308,synthetic_telemetry
76.759991,sensor_03,923,20,-60.4,37,308,synthetic_telemetry
76.991719,sensor_02,925,20,-61.3,37,309,synthetic_telemetry
77.003317,sensor_03,926,20,-60.2,37,309,synthetic_telemetry
77.00364,sensor_01,924,20,-58.7,37,309,synthetic_telemetry
77.237939,sensor_03,929,20,-74.2,37,310,synthetic_telemetry
77.238326,sensor_01,927,21,-56.4,37,310,synthetic_telemetry
77.239731,sensor_02,928,20,-64.6,37,310,synthetic_telemetry
77.499307,sensor_02,931,19,-65.3,37,311,synthetic_telemetry
77.500637,sensor_03,932,19,-50.6,37,311,synthetic_telemetry
77.504853,sensor_01,930,19,-71.1,37,311,synthetic_telemetry
77.743431,sensor_02,934,19,-73.7,37,312,synthetic_telemetry
77.747193,sensor_01,933,19,-72.8,37,312,synthetic_telemetry
77.755709,sensor_03,935,20,-69.0,37,312,synthetic_telemetry
77.992935,sensor_02,937,19,-74.3,37,313,synthetic_telemetry
78.005915,sensor_01,936,19,-60.2,37,313,synthetic_telemetry
78.007187,sensor_03,938,19,-70.7,37,313,synthetic_telemetry
78.242162,sensor_02,940,21,-69.4,37,314,synthetic_telemetry
78.243572,sensor_01,939,20,-51.4,37,314,synthetic_telemetry
78.251419,sensor_03,941,19,-54.8,37,314,synthetic_telemetry
78.493288,sensor_03,944,19,-67.3,37,315,synthetic_telemetry
78.505244,sensor_02,943,18,-46.7,37,315,synthetic_telemetry
78.508778,sensor_01,942,21,-54.2,37,315,synthetic_telemetry
78.742976,sensor_02,946,20,-56.2,37,316,synthetic_telemetry
78.757463,sensor_01,945,17,-56.3,37,316,synthetic_telemetry
78.761093,sensor_03,947,20,-52.7,37,316,synthetic_telemetry
78.988363,sensor_01,948,19,-59.4,37,317,synthetic_telemetry
79.004163,sensor_02,949,20,-49.7,37,317,synthetic_telemetry
79.00974,sensor_03,950,19,-70.7,37,317,synthetic_telemetry
79.238001,sensor_01,951,18,-74.3,37,318,synthetic_telemetry
79.239947,sensor_03,953,19,-69.5,37,318,synthetic_telemetry
79.251132,sensor_02,952,19,-56.4,37,318,synthetic_telemetry
79.492982,sensor_02,955,20,-47.0,37,319,synthetic_telemetry
79.502892,sensor_01,954,19,-45.9,37,319,synthetic_telemetry
79.50646,sensor_03,956,19,-71.9,37,319,synthetic_telemetry
79.751156,sensor_02,958,19,-55.5,37,320,synthetic_telemetry
79.757209,sensor_01,957,19,-73.3,37,320,synthetic_telemetry
79.759466,sensor_03,959,21,-50.2,37,320,synthetic_telemetry
79.99153,sensor_03,962,21,-71.9,37,321,synthetic_telemetry
79.999908,sensor_02,961,18,-46.0,37,321,synthetic_telemetry
80.009698,sensor_01,960,20,-55.2,37,321,synthetic_telemetry
80.237882,sensor_03,965,20,-47.3,37,322,synthetic_telemetry
80.254555,sensor_02,964,20,-62.3,37,322,synthetic_telemetry
80.260705,sensor_01,963,18,-61.1,37,322,synthetic_telemetry
80.500168,sensor_03,968,19,-74.6,37,323,synthetic_telemetry
80.503369,sensor_01,966,22,-65.8,37,323,synthetic_telemetry
80.505337,sensor_02,967,21,-64.3,37,323,synthetic_telemetry
80.746467,sensor_03,971,21,-47.3,37,324,synthetic_telemetry
80.748359,sensor_02,970,19,-54.3,37,324,synthetic_telemetry
80.759519,sensor_01,969,19,-48.9,37,324,synthetic_telemetry
80.998679,sensor_02,973,18,-55.4,37,325,synthetic_telemetry
81.002314,sensor_03,974,19,-51.2,37,325,synthetic_telemetry
81.011115,sensor_01,972,20,-45.4,37,325,synthetic_telemetry
81.240054,sensor_01,975,18,-64.7,37,326,synthetic_telemetry
81.245448,sensor_02,976,19,-54.6,37,326,synthetic_telemetry
81.257844,sensor_03,977,20,-65.2,37,326,synthetic_telemetry
81.489174,sensor_03,980,18,-69.2,37,327,synthetic_telemetry
81.507157,sensor_02,979,19,-58.6,37,327,synthetic_telemetry
81.511368,sensor_01,978,19,-56.7,37,327,synthetic_telemetry
81.746484,sensor_01,981,18,-62.5,37,328,synthetic_telemetry
81.746703,sensor_03,983,19,-74.2,37,328,synthetic_telemetry
81.747389,sensor_02,982,17,-74.0,37,328,synthetic_telemetry
81.995832,sensor_01,984,20,-55.2,37,329,synthetic_telemetry
82.00785,sensor_03,986,20,-52.3,37,329,synthetic_telemetry
82.008716,sensor_02,985,21,-50.3,37,329,synthetic_telemetry
82.237871,sensor_02,988,19,-60.2,37,330,synthetic_telemetry
82.258287,sensor_03,989,21,-71.3,37,330,synthetic_telemetry
82.259086,sensor_01,987,20,-52.4,37,330,synthetic_telemetry
82.492657,sensor_03,992,21,-48.0,37,331,synthetic_telemetry
82.493847,sensor_01,990,20,-48.4,37,331,synthetic_telemetry
82.498416,sensor_02,991,21,-54.7,37,331,synthetic_telemetry
82.74254,sensor_03,995,19,-47.5,37,332,synthetic_telemetry
82.750131,sensor_01,993,18,-66.7,37,332,synthetic_telemetry
82.754427,sensor_02,994,18,-71.5,37,332,synthetic_telemetry
83.00376,sensor_03,998,21,-58.9,37,333,synthetic_telemetry
83.004107,sensor_02,997,20,-58.6,37,333,synthetic_telemetry
83.00719,sensor_01,996,20,-67.5,37,333,synthetic_telemetry
83.238379,sensor_01,999,20,-61.1,37,334,synthetic_telemetry
83.239961,sensor_03,1001,19,-61.1,37,334,synthetic_telemetry
83.247909,sensor_02,1000,17,-47.0,37,334,synthetic_telemetry
83.505212,sensor_02,1003,19,-45.8,37,335,synthetic_telemetry
83.508651,sensor_01,1002,19,-53.9,37,335,synthetic_telemetry
83.510435,sensor_03,1004,20,-73.0,37,335,synthetic_telemetry
83.740471,sensor_01,1005,20,-71.0,37,336,synthetic_telemetry
83.753995,sensor_03,1007,21,-63.8,37,336,synthetic_telemetry
83.759325,sensor_02,1006,19,-58.5,37,336,synthetic_telemetry
84.004001,sensor_03,1010,18,-47.0,37,337,synthetic_telemetry
84.008397,sensor_01,1008,19,-48.4,37,337,synthetic_telemetry
84.010541,sensor_02,1009,19,-51.2,37,337,synthetic_telemetry
84.240536,sensor_02,1012,20,-72.7,37,338,synthetic_telemetry
84.244287,sensor_01,1011,20,-47.6,37,338,synthetic_telemetry
84.251616,sensor_03,1013,20,-63.8,37,338,synthetic_telemetry
84.48783,sensor_01,1014,20,-47.4,37,339,synthetic_telemetry
84.495793,sensor_03,1016,19,-45.2,37,339,synthetic_telemetry
84.51013,sensor_02,1015,19,-48.6,37,339,synthetic_telemetry
84.737946,sensor_02,1018,20,-61.7,37,340,synthetic_telemetry
84.74487,sensor_01,1017,20,-47.1,37,340,synthetic_telemetry
84.75405,sensor_03,1019,19,-53.8,37,340,synthetic_telemetry
84.98871,sensor_01,1020,19,-48.3,37,341,synthetic_telemetry
84.991057,sensor_02,1021,20,-66.7,37,341,synthetic_telemetry
84.995486,sensor_03,1022,20,-52.8,37,341,synthetic_telemetry
85.244862,sensor_01,1023,21,-57.3,37,342,synthetic_telemetry
85.247775,sensor_03,1025,20,-54.7,37,342,synthetic_telemetry
85.253149,sensor_02,1024,20,-64.8,37,342,synthetic_telemetry
85.489987,sensor_01,1026,19,-70.7,37,343,synthetic_telemetry
85.490581,sensor_02,1027,20,-50.3,37,343,synthetic_telemetry
85.508109,sensor_03,1028,19,-62.7,37,343,synthetic_telemetry
85.74466,sensor_03,1031,19,-59.8,37,344,synthetic_telemetry
85.75834,sensor_02,1030,19,-47.0,37,344,synthetic_telemetry
85.758615,sensor_01,1029,21,-70.9,37,344,synthetic_telemetry
85.987662,sensor_01,1032,19,-48.4,37,345,synthetic_telemetry
85.988376,sensor_02,1033,18,-54.7,37,345,synthetic_telemetry
85.991037,sensor_03,1034,20,-64.4,37,345,synthetic_telemetry
86.244483,sensor_03,1037,21,-73.2,37,346,synthetic_telemetry
86.247131,sensor_02,1036,20,-74.1,37,346,synthetic_telemetry
86.259618,sensor_01,1035,21,-72.0,37,346,synthetic_telemetry
86.491803,sensor_02,1039,20,-50.3,37,347,synthetic_telemetry
86.505283,sensor_03,1040,21,-51.2,37,347,synthetic_telemetry
86.506325,sensor_01,1038,22,-69.5,37,347,synthetic_telemetry
86.752002,sensor_03,1043,19,-61.6,37,348,synthetic_telemetry
86.757029,sensor_01,1041,19,-49.8,37,348,synthetic_telemetry
86.758963,sensor_02,1042,20,-70.9,37,348,synthetic_telemetry
86.998404,sensor_01,1044,19,-52.4,37,349,synthetic_telemetry
87.000115,sensor_02,1045,22,-50.2,37,349,synthetic_telemetry
87.009014,sensor_03,1046,19,-58.6,37,349,synthetic_telemetry
87.241703,sensor_02,1048,20,-73.9,37,350,synthetic_telemetry
87.258279,sensor_01,1047,21,-50.4,37,350,synthetic_telemetry
87.261609,sensor_03,1049,20,-65.6,37,350,synthetic_telemetry
87.487883,sensor_03,1052,19,-68.7,37,351,synthetic_telemetry
87.491733,sensor_02,1051,19,-50.4,37,351,synthetic_telemetry
87.50437,sensor_01,1050,19,-52.2,37,351,synthetic_telemetry
87.740175,sensor_01,1053,22,-66.3,37,352,synthetic_telemetry
87.749817,sensor_02,1054,20,-54.7,37,352,synthetic_telemetry
87.757009,sensor_03,1055,17,-55.3,37,352,synthetic_telemetry
87.989746,sensor_03,1058,19,-57.6,37,353,synthetic_telemetry
87.996573,sensor_01,1056,19,-64.3,37,353,synthetic_telemetry
88.012123,sensor_02,1057,18,-45.4,37,353,synthetic_telemetry
88.245646,sensor_03,1061,20,-69.4,37,354,synthetic_telemetry
88.252966,sensor_02,1060,17,-70.6,37,354,synthetic_telemetry
88.258573,sensor_01,1059,20,-47.3,37,354,synthetic_telemetry
88.489997,sensor_01,1062,20,-73.8,37,355,synthetic_telemetry
88.499747,sensor_02,1063,21,-66.7,37,355,synthetic_telemetry
88.512049,sensor_03,1064,20,-68.1,37,355,synthetic_telemetry
88.741608,sensor_01,1065,20,-74.4,37,356,synthetic_telemetry
88.752603,sensor_03,1067,19,-73.4,37,356,synthetic_telemetry
88.761921,sensor_02,1066,20,-59.9,37,356,synthetic_telemetry
88.992044,sensor_03,1070,19,-58.7,37,357,synthetic_telemetry
88.992952,sensor_02,1069,17,-63.7,37,357,synthetic_telemetry
89.003802,sensor_01,1068,20,-58.2,37,357,synthetic_telemetry
89.240743,sensor_02,1072,19,-52.2,37,358,synthetic_telemetry
89.250409,sensor_03,1073,21,-52.8,37,358,synthetic_telemetry
89.256884,sensor_01,1071,20,-51.2,37,358,synthetic_telemetry
89.490898,sensor_03,1076,19,-66.4,37,359,synthetic_telemetry
89.494604,sensor_02,1075,18,-50.3,37,359,synthetic_telemetry
89.497513,sensor_01,1074,20,-64.8,37,359,synthetic_telemetry
89.738032,sensor_03,1079,19,-48.7,37,360,synthetic_telemetry
89.753063,sensor_02,1078,20,-69.7,37,360,synthetic_telemetry
89.754423,sensor_01,1077,20,-53.4,37,360,synthetic_telemetry
89.991776,sensor_03,1082,20,-57.8,37,361,synthetic_telemetry
90.006428,sensor_02,1081,20,-65.4,37,361,synthetic_telemetry
90.007489,sensor_01,1080,19,-45.7,37,361,synthetic_telemetry
90.245685,sensor_01,1083,20,-67.2,37,362,synthetic_telemetry
90.252584,sensor_02,1084,18,-62.3,37,362,synthetic_telemetry
90.259723,sensor_03,1085,20,-55.1,37,362,synthetic_telemetry
90.490912,sensor_01,1086,19,-50.5,37,363,synthetic_telemetry
90.507013,sensor_03,1088,18,-67.3,37,363,synthetic_telemetry
90.50999,sensor_02,1087,19,-51.8,37,363,synthetic_telemetry
90.749086,sensor_03,1091,19,-73.9,37,364,synthetic_telemetry
90.7561,sensor_01,1089,18,-55.2,37,364,synthetic_telemetry
90.758385,sensor_02,1090,20,-68.4,37,364,synthetic_telemetry
90.990892,sensor_02,1093,20,-62.5,37,365,synthetic_telemetry
90.995135,sensor_01,1092,20,-70.7,37,365,synthetic_telemetry
91.008606,sensor_03,1094,19,-57.5,37,365,synthetic_telemetry
91.237633,sensor_02,1096,21,-57.5,37,366,synthetic_telemetry
91.246668,sensor_01,1095,19,-66.4,37,366,synthetic_telemetry
91.25942,sensor_03,1097,18,-60.3,37,366,synthetic_telemetry
91.499418,sensor_02,1099,18,-61.9,37,367,synthetic_telemetry
91.50463,sensor_01,1098,20,-59.3,37,367,synthetic_telemetry
91.511462,sensor_03,1100,19,-52.5,37,367,synthetic_telemetry
91.745849,sensor_03,1103,21,-59.5,37,368,synthetic_telemetry
91.747069,sensor_02,1102,20,-55.8,37,368,synthetic_telemetry
91.754939,sensor_01,1101,17,-59.6,37,368,synthetic_telemetry
91.989588,sensor_03,1106,18,-56.9,37,369,synthetic_telemetry
92.006333,sensor_01,1104,20,-46.0,37,369,synthetic_telemetry
92.008708,sensor_02,1105,20,-52.6,37,369,synthetic_telemetry
92.252505,sensor_03,1109,20,-65.2,37,370,synthetic_telemetry
92.258731,sensor_02,1108,19,-66.2,37,370,synthetic_telemetry
92.260958,sensor_01,1107,20,-72.5,37,370,synthetic_telemetry
92.489466,sensor_02,1111,18,-72.5,37,371,synthetic_telemetry
92.495185,sensor_03,1112,19,-66.6,37,371,synthetic_telemetry
92.499109,sensor_01,1110,19,-74.6,37,371,synthetic_telemetry
92.753168,sensor_01,1113,19,-52.8,37,372,synthetic_telemetry
92.7542,sensor_02,1114,18,-73.5,37,372,synthetic_telemetry
92.758391,sensor_03,1115,19,-50.9,37,372,synthetic_telemetry
92.998749,sensor_01,1116,19,-47.2,37,373,synthetic_telemetry
93.002967,sensor_03,1118,19,-55.2,37,373,synthetic_telemetry
93.008814,sensor_02,1117,19,-63.1,37,373,synthetic_telemetry
93.240639,sensor_01,1119,20,-63.2,37,374,synthetic_telemetry
93.253083,sensor_02,1120,19,-48.8,37,374,synthetic_telemetry
93.258737,sensor_03,1121,19,-63.2,37,374,synthetic_telemetry
93.497403,sensor_01,1122,18,-47.6,37,375,synthetic_telemetry
93.502313,sensor_03,1124,20,-61.4,37,375,synthetic_telemetry
93.502801,sensor_02,1123,21,-57.2,37,375,synthetic_telemetry
93.748198,sensor_02,1126,20,-69.2,37,376,synthetic_telemetry
93.760152,sensor_01,1125,18,-64.3,37,376,synthetic_telemetry
93.761196,sensor_03,1127,22,-58.8,37,376,synthetic_telemetry
93.987957,sensor_02,1129,19,-73.6,37,377,synthetic_telemetry
94.004977,sensor_01,1128,21,-54.8,37,377,synthetic_telemetry
94.00551,sensor_03,1130,19,-60.9,37,377,synthetic_telemetry
94.252897,sensor_02,1132,19,-74.6,37,378,synthetic_telemetry
94.253161,sensor_01,1131,20,-65.5,37,378,synthetic_telemetry
94.260735,sensor_03,1133,19,-65.2,37,378,synthetic_telemetry
94.487593,sensor_02,1135,19,-68.3,37,379,synthetic_telemetry
94.494015,sensor_03,1136,20,-54.2,37,379,synthetic_telemetry
94.50478,sensor_01,1134,20,-74.5,37,379,synthetic_telemetry
94.751045,sensor_01,1137,19,-61.0,37,380,synthetic_telemetry
94.756243,sensor_02,1138,21,-68.0,37,380,synthetic_telemetry
94.760178,sensor_03,1139,21,-47.2,37,380,synthetic_telemetry
94.990504,sensor_01,1140,19,-66.1,37,381,synthetic_telemetry
94.993337,sensor_02,1141,19,-64.6,37,381,synthetic_telemetry
94.993367,sensor_03,1142,20,-69.7,37,381,synthetic_telemetry
95.249603,sensor_03,1145,21,-51.9,37,382,synthetic_telemetry
95.25577,sensor_01,1143,20,-52.1,37,382,synthetic_telemetry
95.260374,sensor_02,1144,19,-70.4,37,382,synthetic_telemetry
95.488812,sensor_01,1146,21,-58.0,37,383,synthetic_telemetry
95.496775,sensor_03,1148,20,-55.9,37,383,synthetic_telemetry
95.502119,sensor_02,1147,20,-67.0,37,383,synthetic_telemetry
95.73777,sensor_03,1151,20,-61.0,37,384,synthetic_telemetry
95.738332,sensor_02,1150,19,-52.8,37,384,synthetic_telemetry
95.75238,sensor_01,1149,19,-71.5,37,384,synthetic_telemetry
95.996371,sensor_02,1153,20,-73.4,37,385,synthetic_telemetry
96.003901,sensor_03,1154,19,-57.5,37,385,synthetic_telemetry
96.012002,sensor_01,1152,21,-45.7,37,385,synthetic_telemetry
96.243124,sensor_01,1155,20,-68.7,37,386,synthetic_telemetry
96.255496,sensor_03,1157,19,-59.5,37,386,synthetic_telemetry
96.258394,sensor_02,1156,20,-53.1,37,386,synthetic_telemetry
96.489492,sensor_03,1160,20,-67.6,37,387,synthetic_telemetry
96.490889,sensor_01,1158,19,-74.7,37,387,synthetic_telemetry
96.498099,sensor_02,1159,17,-47.3,37,387,synthetic_telemetry
96.740958,sensor_03,1163,21,-66.6,37,388,synthetic_telemetry
96.750093,sensor_02,1162,21,-50.8,37,388,synthetic_telemetry
96.752592,sensor_01,1161,18,-54.6,37,388,synthetic_telemetry
97.001957,sensor_03,1166,19,-71.3,37,389,synthetic_telemetry
97.006378,sensor_02,1165,20,-60.7,37,389,synthetic_telemetry
97.011986,sensor_01,1164,21,-56.9,37,389,synthetic_telemetry
97.244608,sensor_03,1169,19,-51.7,37,390,synthetic_telemetry
97.253535,sensor_02,1168,21,-49.1,37,390,synthetic_telemetry
97.262451,sensor_01,1167,19,-66.6,37,390,synthetic_telemetry
97.490629,sensor_03,1172,21,-69.9,37,391,synthetic_telemetry
97.494451,sensor_01,1170,19,-50.8,37,391,synthetic_telemetry
97.50711,sensor_02,1171,19,-58.9,37,391,synthetic_telemetry
97.74548,sensor_01,1173,20,-62.0,37,392,synthetic_telemetry
97.753974,sensor_02,1174,21,-57.6,37,392,synthetic_telemetry
97.760418,sensor_03,1175,18,-51.5,37,392,synthetic_telemetry
97.995566,sensor_01,1176,20,-73.8,37,393,synthetic_telemetry
97.995654,sensor_03,1178,18,-63.0,37,393,synthetic_telemetry
97.999652,sensor_02,1177,20,-52.5,37,393,synthetic_telemetry
98.238869,sensor_02,1180,17,-62.8,37,394,synthetic_telemetry
98.242008,sensor_03,1181,17,-61.9,37,394,synthetic_telemetry
98.250924,sensor_01,1179,21,-50.8,37,394,synthetic_telemetry
98.494,sensor_03,1184,21,-64.3,37,395,synthetic_telemetry
98.504639,sensor_02,1183,19,-53.1,37,395,synthetic_telemetry
98.511797,sensor_01,1182,21,-55.8,37,395,synthetic_telemetry
98.750297,sensor_02,1186,19,-64.1,37,396,synthetic_telemetry
98.758525,sensor_03,1187,20,-65.9,37,396,synthetic_telemetry
98.760651,sensor_01,1185,19,-54.2,37,396,synthetic_telemetry
98.990014,sensor_01,1188,20,-67.6,37,397,synthetic_telemetry
98.994117,sensor_03,1190,19,-74.5,37,397,synthetic_telemetry
99.000449,sensor_02,1189,18,-57.2,37,397,synthetic_telemetry
99.238114,sensor_03,1193,19,-74.1,37,398,synthetic_telemetry
99.240023,sensor_02,1192,21,-61.7,37,398,synthetic_telemetry
99.243225,sensor_01,1191,22,-71.4,37,398,synthetic_telemetry
99.498686,sensor_01,1194,18,-72.3,37,399,synthetic_telemetry
99.499881,sensor_03,1196,20,-72.6,37,399,synthetic_telemetry
99.511252,sensor_02,1195,21,-57.2,37,399,synthetic_telemetry
99.754853,sensor_01,1197,20,-61.5,37,400,synthetic_telemetry
99.755781,sensor_03,1199,19,-45.0,37,400,synthetic_telemetry
99.760326,sensor_02,1198,20,-47.3,37,400,synthetic_telemetry
99.995805,sensor_01,1200,20,-63.5,37,401,synthetic_telemetry
99.996041,sensor_02,1201,20,-58.3,37,401,synthetic_telemetry
100.006012,sensor_03,1202,19,-64.5,37,401,synthetic_telemetry
100.243049,sensor_01,1203,18,-46.4,37,402,synthetic_telemetry
100.254536,sensor_03,1205,20,-62.3,37,402,synthetic_telemetry
100.256247,sensor_02,1204,20,-46.7,37,402,synthetic_telemetry
100.493322,sensor_02,1207,18,-71.8,37,403,synthetic_telemetry
100.494521,sensor_01,1206,20,-74.3,37,403,synthetic_telemetry
100.501845,sensor_03,1208,20,-64.0,37,403,synthetic_telemetry
100.741374,sensor_02,1210,18,-59.7,37,404,synthetic_telemetry
100.74395,sensor_03,1211,20,-46.4,37,404,synthetic_telemetry
100.757055,sensor_01,1209,18,-45.8,37,404,synthetic_telemetry
100.989809,sensor_03,1214,20,-65.8,37,405,synthetic_telemetry
100.992345,sensor_01,1212,19,-69.5,37,405,synthetic_telemetry
100.996252,sensor_02,1213,19,-63.4,37,405,synthetic_telemetry
101.240999,sensor_01,1215,19,-72.4,37,406,synthetic_telemetry
101.247207,sensor_03,1217,18,-70.5,37,406,synthetic_telemetry
101.255349,sensor_02,1216,21,-59.7,37,406,synthetic_telemetry
101.493958,sensor_01,1218,19,-46.8,37,407,synthetic_telemetry
101.494951,sensor_03,1220,19,-57.0,37,407,synthetic_telemetry
101.505,sensor_02,1219,20,-46.1,37,407,synthetic_telemetry
101.750786,sensor_03,1223,20,-65.1,37,408,synthetic_telemetry
101.753528,sensor_01,1221,19,-56.7,37,408,synthetic_telemetry
101.758178,sensor_02,1222,19,-62.3,37,408,synthetic_telemetry
101.991759,sensor_02,1225,20,-50.7,37,409,synthetic_telemetry
102.000566,sensor_03,1226,20,-60.3,37,409,synthetic_telemetry
102.010095,sensor_01,1224,19,-45.1,37,409,synthetic_telemetry
102.239471,sensor_03,1229,19,-57.5,37,410,synthetic_telemetry
102.254288,sensor_02,1228,21,-45.2,37,410,synthetic_telemetry
102.260694,sensor_01,1227,19,-58.1,37,410,synthetic_telemetry
102.489548,sensor_01,1230,19,-61.5,37,411,synthetic_telemetry
102.503055,sensor_02,1231,19,-58.1,37,411,synthetic_telemetry
102.50461,sensor_03,1232,19,-47.2,37,411,synthetic_telemetry
102.756306,sensor_03,1235,20,-47.7,37,412,synthetic_telemetry
102.758679,sensor_01,1233,19,-73.5,37,412,synthetic_telemetry
102.759867,sensor_02,1234,19,-74.0,37,412,synthetic_telemetry
102.989611,sensor_03,1238,20,-46.4,37,413,synthetic_telemetry
103.00013,sensor_02,1237,18,-70.1,37,413,synthetic_telemetry
103.003365,sensor_01,1236,21,-53.4,37,413,synthetic_telemetry
103.254508,sensor_01,1239,20,-66.3,37,414,synthetic_telemetry
103.26178,sensor_03,1241,17,-57.0,37,414,synthetic_telemetry
103.26235,sensor_02,1240,19,-56.6,37,414,synthetic_telemetry
103.488652,sensor_01,1242,19,-56.3,37,415,synthetic_telemetry
103.494128,sensor_03,1244,19,-59.3,37,415,synthetic_telemetry
103.499543,sensor_02,1243,20,-61.5,37,415,synthetic_telemetry
103.739885,sensor_03,1247,21,-71.4,37,416,synthetic_telemetry
103.740784,sensor_02,1246,18,-71.8,37,416,synthetic_telemetry
103.74273,sensor_01,1245,21,-58.5,37,416,synthetic_telemetry
103.993489,sensor_01,1248,19,-70.9,37,417,synthetic_telemetry
104.008152,sensor_02,1249,19,-55.4,37,417,synthetic_telemetry
104.01105,sensor_03,1250,19,-48.9,37,417,synthetic_telemetry
104.257588,sensor_03,1253,19,-62.2,37,418,synthetic_telemetry
104.260381,sensor_01,1251,19,-71.3,37,418,synthetic_telemetry
104.262325,sensor_02,1252,18,-48.3,37,418,synthetic_telemetry
104.494842,sensor_02,1255,18,-52.6,37,419,synthetic_telemetry
104.498328,sensor_03,1256,20,-51.4,37,419,synthetic_telemetry
104.505146,sensor_01,1254,19,-58.8,37,419,synthetic_telemetry
104.745294,sensor_02,1258,20,-69.5,37,420,synthetic_telemetry
104.752615,sensor_01,1257,19,-71.4,37,420,synthetic_telemetry
104.757602,sensor_03,1259,20,-65.7,37,420,synthetic_telemetry
104.999763,sensor_02,1261,19,-55.1,37,421,synthetic_telemetry
105.003822,sensor_01,1260,19,-55.2,37,421,synthetic_telemetry
105.004131,sensor_03,1262,21,-68.8,37,421,synthetic_telemetry
105.238936,sensor_03,1265,20,-60.9,37,422,synthetic_telemetry
105.254988,sensor_02,1264,19,-49.2,37,422,synthetic_telemetry
105.261757,sensor_01,1263,19,-50.1,37,422,synthetic_telemetry
105.503956,sensor_01,1266,19,-54.6,37,423,synthetic_telemetry
105.505687,sensor_02,1267,21,-49.3,37,423,synthetic_telemetry
105.512405,sensor_03,1268,21,-65.2,37,423,synthetic_telemetry
105.74418,sensor_03,1271,20,-47.9,37,424,synthetic_telemetry
105.757552,sensor_02,1270,21,-49.5,37,424,synthetic_telemetry
105.760495,sensor_01,1269,20,-52.7,37,424,synthetic_telemetry
105.988349,sensor_03,1274,19,-54.4,37,425,synthetic_telemetry
105.991692,sensor_02,1273,19,-53.8,37,425,synthetic_telemetry
106.009702,sensor_01,1272,20,-49.2,37,425,synthetic_telemetry
106.244104,sensor_01,1275,20,-49.0,37,426,synthetic_telemetry
106.253057,sensor_03,1277,18,-48.7,37,426,synthetic_telemetry
106.259555,sensor_02,1276,17,-62.9,37,426,synthetic_telemetry
106.498825,sensor_02,1279,19,-47.3,37,427,synthetic_telemetry
106.500305,sensor_01,1278,19,-54.6,37,427,synthetic_telemetry
106.505779,sensor_03,1280,20,-48.5,37,427,synthetic_telemetry
106.738229,sensor_02,1282,21,-46.0,37,428,synthetic_telemetry
106.742903,sensor_01,1281,19,-74.9,37,428,synthetic_telemetry
106.760988,sensor_03,1283,19,-62.9,37,428,synthetic_telemetry
107.004753,sensor_02,1285,21,-47.2,37,429,synthetic_telemetry
107.008563,sensor_01,1284,19,-67.3,37,429,synthetic_telemetry
107.010608,sensor_03,1286,19,-71.3,37,429,synthetic_telemetry
107.238593,sensor_03,1289,19,-72.3,37,430,synthetic_telemetry
107.247747,sensor_02,1288,20,-65.2,37,430,synthetic_telemetry
107.259449,sensor_01,1287,19,-73.2,37,430,synthetic_telemetry
107.503543,sensor_02,1291,19,-51.3,37,431,synthetic_telemetry
107.504046,sensor_01,1290,18,-55.4,37,431,synthetic_telemetry
107.507395,sensor_03,1292,20,-61.2,37,431,synthetic_telemetry
107.74729,sensor_01,1293,19,-47.7,37,432,synthetic_telemetry
107.748274,sensor_02,1294,19,-56.7,37,432,synthetic_telemetry
107.755834,sensor_03,1295,19,-62.9,37,432,synthetic_telemetry
108.00273,sensor_03,1298,20,-55.6,37,433,synthetic_telemetry
108.006337,sensor_01,1296,20,-66.4,37,433,synthetic_telemetry
108.007256,sensor_02,1297,19,-60.1,37,433,synthetic_telemetry
108.237878,sensor_01,1299,20,-60.0,37,434,synthetic_telemetry
108.245104,sensor_02,1300,21,-51.0,37,434,synthetic_telemetry
108.247554,sensor_03,1301,18,-57.9,37,434,synthetic_telemetry
108.491544,sensor_03,1304,21,-56.6,37,435,synthetic_telemetry
108.498705,sensor_02,1303,19,-62.6,37,435,synthetic_telemetry
108.503896,sensor_01,1302,20,-53.0,37,435,synthetic_telemetry
108.738277,sensor_03,1307,21,-50.2,37,436,synthetic_telemetry
108.743164,sensor_01,1305,19,-48.7,37,436,synthetic_telemetry
108.759047,sensor_02,1306,19,-51.5,37,436,synthetic_telemetry
108.994219,sensor_03,1310,20,-62.9,37,437,synthetic_telemetry
109.004282,sensor_02,1309,19,-60.2,37,437,synthetic_telemetry
109.005975,sensor_01,1308,20,-63.6,37,437,synthetic_telemetry
109.244716,sensor_01,1311,19,-56.5,37,438,synthetic_telemetry
109.249861,sensor_03,1313,17,-67.2,37,438,synthetic_telemetry
109.257451,sensor_02,1312,19,-71.4,37,438,synthetic_telemetry
109.489236,sensor_03,1316,21,-56.5,37,439,synthetic_telemetry
109.490318,sensor_01,1314,20,-50.1,37,439,synthetic_telemetry
109.502516,sensor_02,1315,19,-63.5,37,439,synthetic_telemetry
109.740585,sensor_01,1317,21,-62.7,37,440,synthetic_telemetry
109.750423,sensor_02,1318,19,-61.4,37,440,synthetic_telemetry
109.753331,sensor_03,1319,19,-54.3,37,440,synthetic_telemetry
109.991261,sensor_02,1321,22,-71.1,37,441,synthetic_telemetry
109.995245,sensor_01,1320,20,-67.0,37,441,synthetic_telemetry
110.000201,sensor_03,1322,20,-55.8,37,441,synthetic_telemetry
110.246026,sensor_03,1325,20,-59.5,37,442,synthetic_telemetry
110.256379,sensor_01,1323,18,-61.1,37,442,synthetic_telemetry
110.25894,sensor_02,1324,20,-46.9,37,442,synthetic_telemetry
110.492764,sensor_02,1327,21,-69.9,37,443,synthetic_telemetry
110.493844,sensor_01,1326,20,-66.1,37,443,synthetic_telemetry
110.510334,sensor_03,1328,19,-53.3,37,443,synthetic_telemetry
110.74,sensor_01,1329,18,-65.1,37,444,synthetic_telemetry
110.75572,sensor_02,1330,19,-57.4,37,444,synthetic_telemetry
110.760536,sensor_03,1331,20,-53.4,37,444,synthetic_telemetry
110.992547,sensor_03,1334,20,-52.8,37,445,synthetic_telemetry
111.007341,sensor_01,1332,20,-54.6,37,445,synthetic_telemetry
111.007924,sensor_02,1333,20,-47.6,37,445,synthetic_telemetry
111.240175,sensor_01,1335,18,-62.3,37,446,synthetic_telemetry
111.242822,sensor_02,1336,21,-60.9,37,446,synthetic_telemetry
111.253989,sensor_03,1337,19,-54.1,37,446,synthetic_telemetry
111.489219,sensor_02,1339,20,-69.2,37,447,synthetic_telemetry
111.49876,sensor_01,1338,21,-59.4,37,447,synthetic_telemetry
111.506576,sensor_03,1340,20,-50.2,37,447,synthetic_telemetry
111.749154,sensor_02,1342,17,-69.2,37,448,synthetic_telemetry
111.751666,sensor_03,1343,20,-56.8,37,448,synthetic_telemetry
111.757625,sensor_01,1341,19,-68.4,37,448,synthetic_telemetry
111.995436,sensor_01,1344,18,-53.8,37,449,synthetic_telemetry
112.001214,sensor_02,1345,20,-65.8,37,449,synthetic_telemetry
112.010817,sensor_03,1346,18,-65.1,37,449,synthetic_telemetry
112.239311,sensor_01,1347,19,-56.9,37,450,synthetic_telemetry
112.240732,sensor_02,1348,18,-46.7,37,450,synthetic_telemetry
112.249695,sensor_03,1349,20,-50.3,37,450,synthetic_telemetry
112.493846,sensor_02,1351,20,-63.7,37,451,synthetic_telemetry
112.499042,sensor_01,1350,19,-73.6,37,451,synthetic_telemetry
112.50143,sensor_03,1352,18,-59.5,37,451,synthetic_telemetry
112.740902,sensor_01,1353,21,-69.8,37,452,synthetic_telemetry
112.756919,sensor_03,1355,19,-60.3,37,452,synthetic_telemetry
112.759871,sensor_02,1354,20,-56.5,37,452,synthetic_telemetry
112.990723,sensor_03,1358,19,-57.6,37,453,synthetic_telemetry
112.994482,sensor_01,1356,18,-63.9,37,453,synthetic_telemetry
113.004636,sensor_02,1357,20,-54.3,37,453,synthetic_telemetry
113.239239,sensor_02,1360,20,-64.6,37,454,synthetic_telemetry
113.254457,sensor_01,1359,21,-73.7,37,454,synthetic_telemetry
113.25592,sensor_03,1361,19,-63.3,37,454,synthetic_telemetry
113.491086,sensor_01,1362,20,-70.0,37,455,synthetic_telemetry
113.491357,sensor_02,1363,20,-58.4,37,455,synthetic_telemetry
113.494224,sensor_03,1364,19,-47.9,37,455,synthetic_telemetry
113.738242,sensor_02,1366,19,-52.9,37,456,synthetic_telemetry
113.749573,sensor_03,1367,19,-61.7,37,456,synthetic_telemetry
113.752261,sensor_01,1365,18,-74.1,37,456,synthetic_telemetry
113.99791,sensor_03,1370,21,-50.9,37,457,synthetic_telemetry
114.000718,sensor_02,1369,19,-62.1,37,457,synthetic_telemetry
114.002247,sensor_01,1368,20,-70.2,37,457,synthetic_telemetry
114.251132,sensor_02,1372,17,-70.6,37,458,synthetic_telemetry
114.257085,sensor_01,1371,20,-66.4,37,458,synthetic_telemetry
114.261904,sensor_03,1373,19,-64.8,37,458,synthetic_telemetry
114.501449,sensor_01,1374,20,-48.1,37,459,synthetic_telemetry
114.506642,sensor_02,1375,21,-48.3,37,459,synthetic_telemetry
114.507862,sensor_03,1376,19,-69.8,37,459,synthetic_telemetry
114.741633,sensor_01,1377,20,-64.0,37,460,synthetic_telemetry
114.744934,sensor_02,1378,20,-51.6,37,460,synthetic_telemetry
114.757493,sensor_03,1379,20,-57.2,37,460,synthetic_telemetry
114.998548,sensor_02,1381,20,-63.6,37,461,synthetic_telemetry
115.005397,sensor_01,1380,19,-65.2,37,461,synthetic_telemetry
115.009674,sensor_03,1382,19,-49.2,37,461,synthetic_telemetry
115.237853,sensor_02,1384,19,-60.3,37,462,synthetic_telemetry
115.243533,sensor_01,1383,20,-54.9,37,462,synthetic_telemetry
115.260868,sensor_03,1385,19,-46.3,37,462,synthetic_telemetry
115.490594,sensor_01,1386,21,-52.8,37,463,synthetic_telemetry
115.503759,sensor_03,1388,21,-68.0,37,463,synthetic_telemetry
115.509669,sensor_02,1387,18,-68.6,37,463,synthetic_telemetry
115.744848,sensor_03,1391,19,-69.6,37,464,synthetic_telemetry
115.748962,sensor_02,1390,21,-67.8,37,464,synthetic_telemetry
115.760441,sensor_01,1389,19,-49.2,37,464,synthetic_telemetry
115.995562,sensor_02,1393,21,-73.5,37,465,synthetic_telemetry
116.005794,sensor_03,1394,18,-63.6,37,465,synthetic_telemetry
116.007517,sensor_01,1392,20,-68.6,37,465,synthetic_telemetry
116.242522,sensor_03,1397,19,-48.9,37,466,synthetic_telemetry
116.244943,sensor_02,1396,20,-61.3,37,466,synthetic_telemetry
116.258359,sensor_01,1395,19,-53.7,37,466,synthetic_telemetry
116.49843,sensor_02,1399,19,-70.1,37,467,synthetic_telemetry
116.498566,sensor_01,1398,20,-49.4,37,467,synthetic_telemetry
116.503477,sensor_03,1400,19,-47.7,37,467,synthetic_telemetry
116.757636,sensor_03,1403,19,-46.2,37,468,synthetic_telemetry
116.758227,sensor_02,1402,20,-74.5,37,468,synthetic_telemetry
116.761056,sensor_01,1401,19,-60.8,37,468,synthetic_telemetry
116.988092,sensor_02,1405,18,-66.1,37,469,synthetic_telemetry
116.993412,sensor_01,1404,21,-49.3,37,469,synthetic_telemetry
117.006042,sensor_03,1406,18,-55.8,37,469,synthetic_telemetry
117.238953,sensor_03,1409,18,-63.6,37,470,synthetic_telemetry
117.244503,sensor_02,1408,20,-72.0,37,470,synthetic_telemetry
117.259019,sensor_01,1407,21,-46.0,37,470,synthetic_telemetry
117.49081,sensor_01,1410,20,-58.5,37,471,synthetic_telemetry
117.4978,sensor_02,1411,20,-60.4,37,471,synthetic_telemetry
117.506123,sensor_03,1412,19,-68.2,37,471,synthetic_telemetry
117.741673,sensor_02,1414,18,-55.7,37,472,synthetic_telemetry
117.744826,sensor_03,1415,20,-62.1,37,472,synthetic_telemetry
117.757765,sensor_01,1413,19,-49.7,37,472,synthetic_telemetry
117.992633,sensor_03,1418,20,-65.9,37,473,synthetic_telemetry
118.00677,sensor_02,1417,20,-67.9,37,473,synthetic_telemetry
118.009897,sensor_01,1416,20,-48.5,37,473,synthetic_telemetry
118.242871,sensor_02,1420,19,-59.1,37,474,synthetic_telemetry
118.259128,sensor_01,1419,20,-68.5,37,474,synthetic_telemetry
118.26018,sensor_03,1421,20,-70.6,37,474,synthetic_telemetry
118.490094,sensor_03,1424,18,-49.2,37,475,synthetic_telemetry
118.493889,sensor_01,1422,19,-63.1,37,475,synthetic_telemetry
118.49919,sensor_02,1423,19,-61.9,37,475,synthetic_telemetry
118.738153,sensor_01,1425,19,-69.9,37,476,synthetic_telemetry
118.74232,sensor_02,1426,22,-45.6,37,476,synthetic_telemetry
118.751474,sensor_03,1427,19,-60.2,37,476,synthetic_telemetry
118.996994,sensor_03,1430,19,-61.7,37,477,synthetic_telemetry
118.997127,sensor_02,1429,21,-63.3,37,477,synthetic_telemetry
119.008613,sensor_01,1428,21,-67.7,37,477,synthetic_telemetry
119.241548,sensor_02,1432,18,-47.4,37,478,synthetic_telemetry
119.257874,sensor_03,1433,19,-51.4,37,478,synthetic_telemetry
119.261094,sensor_01,1431,21,-70.6,37,478,synthetic_telemetry
119.49068,sensor_01,1434,20,-68.0,37,479,synthetic_telemetry
119.490796,sensor_02,1435,20,-53.7,37,479,synthetic_telemetry
119.492678,sensor_03,1436,18,-74.6,37,479,synthetic_telemetry
119.744867,sensor_03,1439,20,-66.5,37,480,synthetic_telemetry
119.750413,sensor_01,1437,18,-55.5,37,480,synthetic_telemetry
119.751803,sensor_02,1438,19,-49.0,37,480,synthetic_telemetry
